Date,BOZ_Inflows_Mines,BOZ_Inflows_Other_Non-GRZ,BOZ_Inflows_Mining_Taxes,BOZ_Inflows_Donor_Inflows,,BOZ_Outflows_Dealing_Net_Sales,BOZ_Outflows_Other_Non-GRZ,BOZ_Outflows_GRZ_Debt_Servicing,BOZ_Outflows_GRZ_Other_Uses,Gross_International_Reserves
4-Jan-13,0,187.73,0,0,,44.5,5.784,0,0.073,3206.368621
11-Jan-13,11.387,4.738,0,0.77,,0,6.37,0,0,3216.893621
18-Jan-13,0,9.386,0,0.559,,108,2.205,6.403,2.565,3107.665621
25-Jan-13,0,15.009,0,0,,31,10.004,0,0.981,3080.689621
31-Jan-13,0,20.9,0,0,,5,1.25,0,5.2,3090.139621
1-Feb-13,0,1.383,0,0,,0,1.081,0.848,0,3089.593621
8-Feb-13,0,2.448,0,0,,0,7.192,0,186,2898.849621
15-Feb-13,0,19.174,0,0,,0,19.032,0,0,2898.991621
22-Feb-13,0,5.44,0,0,,30,12.377,0,74.738,2787.316621
28-Feb-13,0,0.906,0,0.014,,34,17.766,0.829,0.496,2735.145621
1-Mar-13,0,2.002,0,0,,0,0,0,0,2737.147621
8-Mar-13,0,27.777,0,0,,10,0.254,0.12,0,2754.550621
15-Mar-13,0,3.125,0,12.054,,40,21.855,2.903,0,2704.971621
22-Mar-13,0,24.629,0,0,,34,17.49,20.156,0,2657.954621
29-Mar-13,0,13.392,0,0,,0,9.06,9.296,20,2632.990621
5-Apr-13,0,2.714,0,0.073,,20,6.702,3.289,1.737,2604.049621
12-Apr-13,60,16.3,0,0,,20,3.074,19.697,6.094,2631.484621
19-Apr-13,0,6.16,0,0,,0,7.031,0.829,0,2629.784621
26-Apr-13,0,6.293,0,0.187,,140,4.66,0,6.033,2485.571621
30-Apr-13,0,11.237,0,0,,0,0.101,0,0,2496.707621
3-May-13,0,8.543,0,0,,0,0.224,0,0,2505.026621
10-May-13,0,6.537,0,0.285,,0,2.89,5.667,0.193,2503.098621
17-May-13,0,1.379,0,2.789,,0,20.075,0,0,2487.191621
24-May-13,0,5.693,0,0.744,,0,2.925,0.758,0,2489.945621
31-May-13,0,4.837,0,5.795,,0,1.449,0,0,2499.128621
7-Jun-13,0,27.936,0,0,,-8,3.759,0,0.595,2530.710621
14-Jun-13,0,8.399,0,7.956,,39,14.764,0.888,1.28,2491.133621
21-Jun-13,0,4.708,0,3.975,,0,11.227,0,0,2488.589621
28-Jun-13,0,5.913,0,13.116,,20,12.864,3.334,3.118,2468.302621
5-Jul-13,0,3.127,0,0,,0,5.718,0.043,0,2465.668621
12-Jul-13,0,39.086,0,0.956,,0,1.806,8.015,0.539,2495.350621
19-Jul-13,0,4.144,0,0,,0,0.823,0,0.152,2498.519621
26-Jul-13,0,6.701,0,0.278,,0,1.902,1.663,0,2501.933621
31-Jul-13,0,4.465,0,0.276,,0,0.607,0,0,2506.067621
2-Aug-13,0,6.695,0,0.763,,0,4.913,0.833,0,2507.779621
9-Aug-13,0,11.812,0,3.13,,-17.5,0.873,3.13,0.314,2535.904621
16-Aug-13,0,4.079,0,0,,0,4.791,0.895,0.033,2534.264621
23-Aug-13,0,6.771,0,0.146,,0,0.833,1.428,0,2538.920621
30-Aug-13,0,5.928,0,1.742,,-15,10.805,4.285,0,2546.500621
6-Sep-13,0,6.126,0,8.036,,-2,3.543,29.202,1.425,2528.492621
13-Sep-13,0,152.426,0,0,,-16,8.499,0,2.108,2686.311621
20-Sep-13,0,15.249,0,3.899,,-12,9.429,23.462,1.209,2683.359621
27-Sep-13,0,2.598,0,0,,-6,2.163,13.725,0,2676.069621
30-Sep-13,0,1.449,0,0,,-10,1.239,0,0,2686.279621
4-Oct-13,0,5.637,0,1.934,,-19,0.009,0,0,2712.841621
11-Oct-13,0,39.055,0,0.721,,-5,10.496,0,0,2747.121621
18-Oct-13,0,7.557,0,0.138,,-4,1.234,3.712,0.496,2753.374621
25-Oct-13,0,11.436,0,1.233,,-7.5,1.702,14.073,0,2757.768621
31-Oct-13,0,41.451,0,0,,0,6.156,0,0,2793.063621
1-Nov-13,0,0.543,0,0.131,,20,44.09,0,0,2729.647621
8-Nov-13,0,34.246,0,0.366,,0,32.735,0.978,0,2730.546621
15-Nov-13,0,2.402,0,0,,0,4.549,2.188,0,2726.211621
22-Nov-13,0,9.873,0,5.62,,0,3.626,0.241,6.395,2731.442621
29-Nov-13,0,7.905,0,13.108,,0,8.853,0,0,2743.602621
6-Dec-13,0,4.159,0,2.376,,0,3.665,0.338,0,2746.134621
13-Dec-13,0,11.134,0,0.455,,0,4.931,0.233,0,2752.559621
20-Dec-13,0,6.693,0,15.945,,0,9.379,6.357,0.047,2759.414621
27-Dec-13,0,11.355,0,0.46,,-24,2.676,13.176,0.076,2779.301621
31-Dec-13,0,6.372,0,0.741,,70,2.443,5.187,0,2708.784621
3-Jan-14,0,1.103,0,0,,0,2.916,0,0,2706.971621
10-Jan-14,0,-0.291,0,15,,0,7.848,0,0.278,2713.554621
17-Jan-14,0,72.785,0,0,,0,8.645,0.295,0,2777.399621
24-Jan-14,0,16.177,0,0.244,,0,0.069,1.691,0,2792.060621
31-Jan-14,0,3.193,0,4.301,,0,18.337,3.811,0.997,2776.409621
7-Feb-14,0,10.866,0,0,,0,8.075,9.463,0,2769.737621
14-Feb-14,0,11.15,0,0.016,,0,2.355,0.273,0,2778.275621
21-Feb-14,0,2.758801,0,0.121,,0,3.173,2.275,0.038,2775.669422
28-Feb-14,0,3.719,0,0.412,,80,1.778,0,0,2698.022422
7-Mar-14,0,31.552,0,6.168,,48,0.407,0,0,2687.335422
14-Mar-14,0,77.968,0,14.947,,60,0.359,3.981,0,2715.910422
21-Mar-14,0,34.014,0,0.725,,20,13.42,24.53,0,2692.699422
28-Mar-14,0,12.158,0,0.012,,0,1.654,6.774,0,2696.441422
31-Mar-14,0,21.268,0,0,,0,2.8459,0.231,0,2714.632522
4-Apr-14,0,4.107,0,0.335,,12.5,21.042,12.768,0,2672.764522
11-Apr-14,42,34.684,0,0.084,,0,12.716,2.688,0,2734.128522
18-Apr-14,0,997.283,0,5.614,,0,2.317,2.048,1.108,3731.552522
25-Apr-14,0,2.094,0,0.241,,0,7.531,0,0,3726.356522
30-Apr-14,0,2.768,0,0,,-1,2.09,0.293,0.045,3727.696522
2-May-14,0,3.456,0,0,,16,0.012,0,0,3715.140522
9-May-14,0,12.252,0,0,,40,4.185,0.3981788,0,3682.809343
16-May-14,0,3.17,0,2.739,,70,16.242,5.34871737,0.01203041,3597.115595
23-May-14,0,13.022,0,0.176,,80,4.991,0.83307,0,3524.489525
30-May-14,0,4.028,0,0,,108,7.617,0.16284,0,3412.737685
6-Jun-14,0,27.594,0,0.614,,-2,3.364,0.03873765,0.652125,3438.890823
13-Jun-14,0,14.039,0,3.055,,0,4.831,0.0036283,0.082816,3451.067379
20-Jun-14,0,45.938,0,0.777,,0,23.608,0,0.244047,3461.753776
27-Jun-14,0,32.224,0,0.406,,0,13.445,4.47651801,0.13251603,3465.643344
30-Jun-14,0,5.164,0,0,,0,17.648,0,0,3449.269776
4-Jul-14,0,3.676,0,0,,38,0.475,62.316,0,3352.154776
11-Jul-14,47.487,5.208,0,1.19,,-20,14.732,0,0,3411.307776
18-Jul-14,0,11.345,0,0.211,,31.14532166,6.345,0.01856,0,3385.354894
25-Jul-14,0,2.951,0,1.378,,0,8.899,1.98656754,1.23896844,3377.559358
31-Jul-14,0,21.051,0,0.174,,0,15.264,10.28429222,0,3373.236066
1-Aug-14,0,27.669,0,0.381,,0,3.373,0,0,3397.913066
8-Aug-14,0,3.381,0,0,,-40,4.277,0,4.882,3432.135066
15-Aug-14,0,4.304,0,0.462,,0,27.569,1.205,0,3408.127066
22-Aug-14,0,4.551,0,1.02,,-25,8.291,0.906,0.01,3429.491066
29-Aug-14,0,7.451,0,0.527,,0,10.501,0,0,3426.968066
5-Sep-14,0,21.041,0,0.523,,0,7.64,0,0,3440.892066
12-Sep-14,0,7.52,0,0.123,,0,36.229,0.549,0,3411.757066
19-Sep-14,0,9.306,0,1.776,,13,10.253,38.052,2.104,3359.430066
26-Sep-14,0,6.257,0,0,,0,11.871,0.113,0.263,3353.440066
30-Sep-14,0,0.634,0,0,,18,7.115,4.558,0,3324.401066
3-Oct-14,0,1.603,0,0.003,,0,2.982,12.113,0,3310.912066
10-Oct-14,0,14.147,0,7.848,,13,4.279,14.988,0,3300.640066
17-Oct-14,5.5,2.964,0,0.132,,20,16.632,43.317,0,3229.287066
24-Oct-14,14.365,2.418,0,0,,30,1.335,0.943,0,3213.792066
31-Oct-14,0,16.259,0,0.319,,30.5,7.158,0,0,3192.712066
7-Nov-14,0,30.4,0,0.003,,60.5,21.819,4.60331672,0,3136.192749
14-Nov-14,0,7.05,0,1.44274631,,28,7.434,0.8315005,0,3108.419995
21-Nov-14,0,11.296,0,0.36367049,,0,3.278,15.68177262,0,3101.119893
28-Nov-14,0,3.483,0,8.63276358,,0,4.09,0,0,3109.145657
5-Dec-14,0,7.428,0,2.398,,0,17.181,0,0,3101.790657
12-Dec-14,0.892,15.002,0,0.127,,0,6.731,0,1.075,3109.113657
19-Dec-14,0,11.224,0,0.3,,0,9.144,1.024,0.324,3111.037657
26-Dec-14,0,5.192,0,0.675,,0,6.919,3.199,0.065,3106.721657
31-Dec-14,0,1.278,0,0.54,,0,4.962,0.38,0.015,3103.182657
9-Jan-15,0,5.587,0,0.669,,20,15.775,0,1.458,3072.175
16-Jan-15,0,16.546,0,0,,105,3.607,0.569,0,2979.545
23-Jan-15,0,6.362,0,0,,5.5,4.935,20.135,11.579,2943.758
30-Jan-15,0,4.863,0,0,,0,8.971,5.749,0.923,2932.978
6-Feb-15,0,14.502,0,0,,0,4.099,0.043,22.5,2920.838
13-Feb-15,0,9.362,0,4.074,,10,17.628,80.996,0,2825.65
20-Feb-15,6.791389,12.936,0,6.02,,21.5,0,0,0,2829.897389
27-Feb-15,15.847,19.679,0,0.279,,18.5,1.725,0.928,0,2844.549389
6-Mar-15,0,3.729,0,0,,0,16.28,0.263,0,2831.735389
13-Mar-15,3.965,4.131,0,0,,50,13.864,0.11621147,0,2775.851178
20-Mar-15,0,5.984,0,0.335,,0,1.63,23.12344004,0.263,2757.153737
27-Mar-15,0,9.748,0,0,,0,1.041,24.06701334,0,2741.793724
31-Mar-15,0,1.675,0,0,,0,11.371,0,20.866,2711.231724
3-Apr-15,0,13.59371644,0,0,,0,0.05248761,9.05668541,8.199,2707.517268
10-Apr-15,6.2,63.14,0,0,,0,1.42,0,0,2775.437268
17-Apr-15,0,38.283,0,0.07649956,,0,0.9,43.25430769,0,2769.642459
24-Apr-15,5,8.4,0,0,,0,0,63.77844246,0,2719.264017
30-Apr-15,0,18.868,0,0,,0,10.028,0,0,2728.104017
8-May-15,0,10.578,0,0,,0,13.0171,2.30762731,0,2723.35729
15-May-15,4.51325211,18.889,0,0,,0,4.465,3.37244304,0.16968858,2738.75241
22-May-15,12.30251714,9.07789388,0,0.4198,,0,37.61349108,0.015138242,0,2722.923992
29-May-15,12.303,8.543,0,0,,0,14.404,0.827,0,2728.538992
5-Jun-15,0,16.484,0,1.338,,0,0.0308464,0,1.139373,2745.190772
12-Jun-15,0,18.3792,0,0.495,,0,30.825,5.08,0,2728.159972
19-Jun-15,11.89746528,27.35439692,0,3.86659635,,0,9.075134833,0.98404209,0,2761.219254
26-Jun-15,11.89746197,6.122,0,0.0879033,,0,17.04334789,3.10789089,0,2759.175381
30-Jun-15,11.48,5.76591358,0,0.36286882,,0,3.903314648,0,0,2772.880848
3-Jul-15,0,3.482394,0,0.00879,,0,3.764803,0.290657,0,2772.316572
10-Jul-15,12.46801841,1.125072348,0,0,,0,30.54061138,0,0,2755.369052
17-Jul-15,0,10.6389972,0,0.03,,0,14.99418858,21.76239892,0,2729.281461
24-Jul-15,0,8.955261791,0,0.47725149,,0,4.665654014,14.37839896,0,2719.669922
31-Jul-15,12.46804612,1222.497,0,0,,0,3.806575661,0.76723815,0,3936.931
7-Aug-15,10.553,8.516,0,1.84159115,,0,16.636,0.236,4.11,3936.859591
14-Aug-15,0,7.287539239,0,0,,0,5.574302448,7.1977154,0.70953136,3930.665581
21-Aug-15,0,13.0669223,0,0.13120159,,0,3.925784113,0.2311895,60,3879.706731
28-Aug-15,0,14.27537287,0,0.36521329,,0,15.32290497,0,0,3879.024413
31-Aug-15,0,7.03691334,0,0,,0,3.842925914,0,0,3882.2184
4-Sep-15,0,1.19,0,2,,0,4.741,1.37,0,3879.2974
11-Sep-15,0,8.954,0,3.197,,68,4.635,19.833,0,3798.9804
18-Sep-15,0,11.68,0,0,,62,3.153,0.146,45,3700.3614
25-Sep-15,0,16.764,0,1.261,,0,12.992,44.02196533,10.789,3650.583435
30-Sep-15,0,4.338,0,1.069,,30,5.555,0.771,0,3619.664435
2-Oct-15,0,6.979,0,0,,105.765,2.394,0,0,3518.484435
9-Oct-15,0,21.776,0,0,,9.5,0.859,0,0,3529.901435
16-Oct-15,0,16.307,0,0.05,,0,2.149,42.5,55.532,3446.077435
23-Oct-15,0,4.141,0,0,,10,6.288,15.02,18.269,3400.641435
30-Oct-15,0,17.924,0,0,,31,12.764,0,1.252,3373.549435
6-Nov-15,0,53.492,0,1.338,,19,1.342,0,48.568,3359.469435
13-Nov-15,0,6.677,0,1.599,,137,9.659,0,10.95813104,3210.128304
20-Nov-15,0,5.818,0,7.887,,87,3.396,25.44125699,7.15838898,3100.837658
27-Nov-15,0,12.514,0,1.294,,5.5,12.559,2.725,42.694,3051.167658
30-Nov-15,0,7.549,0,0.1,,0,1.186,0,0.60268,3057.027978
4-Dec-15,0,10.53985441,0,7.8562137,,0,3.728250774,0,0.8161144,3070.879681
11-Dec-15,0,14.4182366,0,0.3,,10,9.627195602,0,44.40704106,3021.563681
18-Dec-15,0,10.64887775,0,1.18740752,,40,9.407075487,8.15547579,3.71844969,2972.355531
25-Dec-15,0,15.08279514,0,1.12317353,,0,11.17723057,10.54315531,1.01939808,2965.821715
31-Dec-15,0,9.896243406,0,14.04076905,,0,15.85020181,7.07478892,0,2976.563737
8-Jan-16,0,3.992999234,0,7.72007135,,10,22.02563636,0,0,2956.251171
15-Jan-16,0,14.5068962,0,0.13825084,,0,11.38811319,2.53847321,0,2956.969732
22-Jan-16,0,4.19650145,0,1.02981003,,31.15090804,12.63311569,1.07163536,0.013901,2917.326483
29-Jan-16,0,18.59114275,0,0.1422,,0,11.36193587,5.10700804,17.00068558,2902.590197
5-Feb-16,0,13.36070085,0,0,,25.92337953,7.324909196,65.52474123,2.80737483,2817.170493
12-Feb-16,0,21.99993131,0,8.98245143,,30.95253827,10.40592055,0,0,2806.804417
19-Feb-16,0,4.377149135,0,1.29319307,,0,4.395310302,12.05917081,1.900229902,2796.920048
26-Feb-16,0,7.535205455,0,1.31618521,,14.34821264,9.353691577,24.52308715,0.08233339,2757.464114
29-Feb-16,0,16.84031538,0,0,,0,0.484674,0,0,2773.819755
4-Mar-16,0,4.061742016,0,0.010901,,0,22.57526572,0,0,2755.317132
11-Mar-16,0,10.16466906,0,0.36594816,,50,18.03647937,0.39773444,0.06216,2697.031376
18-Mar-16,0,14.08753933,0,0.75162411,,0,3.018833537,32.11538185,25.02465606,2651.711668
25-Mar-16,0,17.76835513,0,0.00500255,,45,10.65587494,21.11534746,0.85362327,2592.71018
31-Mar-16,0,1.345934096,0,0,,0,1.773913636,0,0,2598.8222
1-Apr-16,0,2.155,0,0,,6.142,0,1.763,1.08385408,2591.988346
8-Apr-16,0,3.228,0,0.652,,-6,30.646,0,0,2571.222346
15-Apr-16,0,13.08170259,0,11.186,,-26.5,6.868,63.641,0,2551.481049
22-Apr-16,0,17.0585427,0,0.616,,-10,6.142,2.065,0.70847132,2570.24012
29-Apr-16,0,10.301,0,0,,0,7.755,0,0.029422,2575.836698
6-May-16,0,2.750471126,0,0.93033285,,0,6.616937181,0.79601958,0,2572.104545
13-May-16,0,13.32904105,0,0,,0,24.57379165,4.84477324,0.48983471,2555.525187
20-May-16,0,6.895787695,0,2.65018704,,6,21.40559048,16.29764166,0,2521.367929
27-May-16,0,24.22701969,0,1.11542294,,10,1.277622981,71.8401103,0,2463.592639
31-May-16,0,0.79218163,0,0,,0,0.862531285,0,0,2463.522289
3-Jun-16,0,36.18418926,0,0,,0,15.98158903,4.74896947,0,2479.90592
10-Jun-16,0,11.54731331,0,0.34939713,,0,17.82797335,0,0,2473.974657
17-Jun-16,0,17.91893613,0,0.2391286,,27,9.108987329,0,0.00380841,2456.019926
24-Jun-16,0,25.87616126,0,5.76570221,,0,2.17290912,24.29944535,0,2461.189435
30-Jun-16,0,13.36934502,0,2.37626495,,0,59.12381417,7.12075163,0,2410.690479
1-Jul-16,0,5.151235549,0,0.01776702,,0,0.00036418,0.003211927,3.18225343,2412.673652
8-Jul-16,0,3.073477002,0,0.05736301,,0,16.71652595,0,0,2399.087966
15-Jul-16,0,15.53283165,0,1.07663976,,0,4.481913275,2.70522498,0.14305361,2408.367246
22-Jul-16,0,5.075306602,0,0.01648321,,-17,9.370950726,14.12505158,0,2406.963033
29-Jul-16,0,12.78143882,0,3.53860014,,57.95059904,2.904702264,24.45245043,103.7967856,2234.178535
5-Aug-16,0,11.16064554,0,1.10487959,,-9,3.25947248,56.91486215,0,2196.209725
12-Aug-16,0,14.01865712,0,0.08237406,,-10,8.896885366,6.6359949,0.0675,2204.710376
19-Aug-16,0,9.031530124,0,1.25166969,,-18,1.1369255,0.6375,0.74593438,2230.473216
26-Aug-16,0,6.197422277,0,0.06272782,,-10,1.788446162,4.9668653,1.8510156,2237.747039
31-Aug-16,0,3.89794273,0,0.16483961,,-25.5,6.313133697,6.5289578,0,2254.46773
2-Sep-16,0,3.799219563,0,0.26962359,,0,0.583424054,0,0,2257.953149
9-Sep-16,0,11.77214541,0,0.10719401,,0,3.54516423,4.62823021,1.04704518,2260.612049
16-Sep-16,0,3.42734803,0,0.53995011,,0,7.2331464,2.04225424,0,2255.303947
23-Sep-16,0,4.552130742,0,20.23951149,,-13,3.8326897,20.63353155,2.31224411,2266.317123
30-Sep-16,0,1.625601764,0,1.03063353,,-10,2.706141503,5.74057175,0,2270.526646
7-Oct-16,0,8.37984415,0,3.04140419,,-5,9.565275474,21.61036113,0.05,2256.692257
14-Oct-16,0,5.10988941,0,0.34717694,,0,19.97492465,45.79803206,1.021887,2202.81448
21-Oct-16,0,16.97913913,0,0.17588979,,0,6.69768884,0.38677668,0,2210.055043
28-Oct-16,0,7.904838242,0,4.066894274,,-7.5,13.23008769,13.24383967,1.803278627,2204.18957
31-Oct-16,0,1.01262051,0,0,,-10,10.0029345,0,0,2209.369256
4-Nov-16,0,10.1964106,0,0.29256966,,-3,2.228467472,0,0,2220.629769
11-Nov-16,0,5.10275055,0,1.38733116,,-90.24465952,15.78424382,1.67350618,0,2299.90676
18-Nov-16,0,6.87233016,0,0.63335702,,0,10.9636482,20.69838756,0.537,2275.213411
25-Nov-16,0,3.83312468,0,2.20482997,,-25,7.63053293,6.52238005,0.50352467,2291.594928
30-Nov-16,0,14.35768156,0,3.35666116,,0,1.760487173,0,0.15757,2307.391214
2-Dec-16,0,41.28216438,0,0,,0,2.688847231,0,0.40763641,2345.576895
9-Dec-16,0,7.49770919,0,4.57968543,,-77.5,12.18386562,0.84821498,0.08958253,2422.032626
16-Dec-16,0,7.00823574,0,6.03932529,,0,14.25906268,16.64586715,3.52755661,2400.647701
23-Dec-16,0,9.539723461,0,0.0816845,,0,8.271800364,8.350386818,0.40563484,2393.241287
30-Dec-16,0,4.101855613,0,2.09056864,,20.2079397,8.73872685,2.46042323,3.34747593,2364.679145
6-Jan-17,0,6.755054692,0,0.306375924,,0,15.8975764,6.85783061,0.27259509,2325.03696
13-Jan-17,0,15.88866571,0,0.668705574,,-10,11.18748624,2.04561083,1.21173549,2337.18602
20-Jan-17,0,4.443668541,0,0.4561027,,-7,3.197506921,13.80694318,10.28262363,2322.2517
27-Jan-17,0,18.68395289,0,9.74023102,,-7,2.381220027,0.9814051,8.746890458,2345.55276
31-Jan-17,0,2.75311755,0,0.46309384,,0,3.430914579,56.0625,2.87293353,2286.513234
3-Feb-17,0,7.40338709,0,3.29328051,,0,0.04399218,2.50722011,0.019862,2294.645424
10-Feb-17,0,4.303892607,0,0.76189039,,0,6.686627749,25.31025838,0.00050221,2267.762524
17-Feb-17,0,12.53745881,0,0,,17.46313487,6.876453426,4.95390775,0.34714,2250.612783
24-Feb-17,0,1.81046603,0,4.4043041,,1.48421114,1.680845875,0.98598896,0.01181832,2252.945356
28-Feb-17,0,1.474674418,0,0,,-10,25.4376864,0,0,2239.03771
3-Mar-17,0,0.01778114,0,0,,-8,16.46832063,2.09218152,0,2228.288548
10-Mar-17,0,8.88438562,0,0.4947753,,0,14.49218829,0,1.1564795,2222.604202
17-Mar-17,0,12.71304877,0,0,,-10,12.37613769,1.31206036,-130.602297,2362.506382
24-Mar-17,0,7.164616446,0,11.10463725,,-8,3.604230225,43.76437919,0.032498,2341.346716
31-Mar-17,0,8.48454969,0,1.01433749,,17.08843519,3.583416892,17.89766688,36.88721022,2275.543467
7-Apr-17,0,20.63994421,0,0,,0,13.48749417,0,0.68667504,2281.994192
14-Apr-17,0,6.077826509,0,0.8981166,,-5,1.360723665,17.57917634,0.13409057,2274.944192
21-Apr-17,0,7.091245518,0,0.15027482,,-35,1.57356828,45.54225581,0,2270.170681
28-Apr-17,0,40.86320533,0,0,,-78,7.483137533,2.822458917,0.31827528,2378.938809
5-May-17,0,3.184606582,0,1.10320992,,-11,5.237271863,6.25658637,0.04516188,2382.738481
12-May-17,0,4.391189514,0,4.89784447,,-29.5,7.102931941,3.13417566,1.75,2409.55416
19-May-17,0,10.78507523,0,0.97128684,,0,2.19737267,18.83729212,0.55821694,2399.731611
26-May-17,0,3.938481497,0,2.29329728,,0,48.48456607,8.07408444,6.15888996,2343.312579
31-May-17,0,1.35360466,0,1.41659482,,-5,7.023513997,0,-0.33465448,2344.39402
2-Jun-17,0,10.0632527,0,0,,0,0.585410416,0,0,2353.797636
9-Jun-17,0,6.510188593,0,5.55816583,,0,7.1028804,3.01349929,1.9752752,2353.787328
16-Jun-17,0,2.916311556,0,4.27950292,,-5,14.41990592,5.55595862,1.51227781,2344.57266
23-Jun-17,0,11.36437536,0,2.61393473,,-5,4.235611635,16.18027727,0.7397424,2342.468572
30-Jun-17,0,12.43935404,0,5.41347122,,-15,9.46364701,0.38201046,4.34732495,2361.148051
7-Jul-17,0,1.5155072,0,0.87867148,,-38,4.939609813,0,0,2396.550225
14-Jul-17,0,8.449562508,0,0,,-47,43.73024059,22.82930051,0.54585381,2384.858465
21-Jul-17,0,10.42073529,0,0,,-15.5,6.20304829,18.23904079,11.67004441,2374.732252
28-Jul-17,0,11.5121646,0,1.76926101,,-10,9.03231666,27.79395631,3.96054383,2357.185974
31-Jul-17,0,2.699084484,0,0,,0,1.595278618,56.75374455,0,2301.601841
4-Aug-17,0,3.492695812,0,3.8378587,,12,5.695556446,0,0,2291.201692
11-Aug-17,0,1.75900955,0,6.68773886,,-16,4.116542754,4.01324334,0.05998,2307.581811
18-Aug-17,0,3.924583237,0,2.19727255,,0,9.887290552,8.92969164,0,2294.622771
25-Aug-17,0,3.060373436,0,0.90100562,,0,39.6651329,7.44971152,6.04837083,2245.553989
31-Aug-17,0,5.876779032,0,0.01380995,,0,5.529405225,0,0,2245.941928
1-Sep-17,0,6.47035417,0,0,,0,2.733695483,0,0,2249.537518
8-Sep-17,0,8.156666183,0,2.61570636,,0,1.70768006,11.74283018,0.61789428,2246.213741
15-Sep-17,0,2.941149921,0,0,,0,9.540743777,9.05698868,4.55048867,2226.030604
22-Sep-17,0,5.982852321,0,3.78507668,,30,1.024372176,23.00443052,0.93388493,2180.906836
29-Sep-17,0,7.37113581,0,3.5397749,,0,15.41997729,22.72754241,19.7007869,2133.898043
6-Oct-17,0,6.27234291,0,0.055985,,20,23.83197461,13.45681737,0.08508,2082.938257
13-Oct-17,0,4.411392865,0,2.4770806,,0,0.786077805,17.54852147,0,2070.535185
20-Oct-17,0,4.611087278,0,2.16629734,,0,11.74152614,44.54478148,0.02855,2020.985851
27-Oct-17,0,4.07470155,0,1.05957839,,0,3.582050981,0.42392248,12.39370304,2009.704579
31-Oct-17,0,2.7080797,0,0.96629726,,11,2.669234456,20.12672591,0.32202563,1979.272251
3-Nov-17,0,4.461576984,0,0.42,,0,0.438013599,2.10031646,0,1981.660114
10-Nov-17,0,7.69329837,0,1.12794007,,0,4.412211878,9.31492295,0.44424717,1976.887828
17-Nov-17,0,3.91518398,0,0,,0,3.736289617,16.57311798,0.0573856,1960.553983
24-Nov-17,0,6.751753805,0,0.108925,,0,0.474700102,14.72586454,1.16,1950.957831
30-Nov-17,0,3.35868035,0,2.36471989,,0,24.29165936,3.53011303,0,1928.875695
1-Dec-17,0,0.698690513,0,0,,0,0.347181682,0,0.108,1928.875695
8-Dec-17,0,3.61981888,0,1.55128861,,0,7.569848244,0,-9.69829762,1936.422816
15-Dec-17,0,6.039270179,0,4.73592601,,-77.58141326,2.65862037,9.81891229,-5.66438177,2017.952952
22-Dec-17,0,19.04740974,0,2.90454022,,-33,8.641893188,18.28258843,0.245035,2045.741823
29-Dec-17,0,12.32798544,0,5.25775183,,-5,0.99312198,17.9574096,-6.78603034,2056.309505
5-Jan-18,0,5.103146707,0,5.27388241,,0,0.07514861,0.02822299,0,2066.569416
12-Jan-18,0,3.786891496,0,1.1006398,,-10,3.909683274,35.69231523,52.89294413,1989.040899
19-Jan-18,0,12.33284633,0,1.60473075,,0,3.627588,10.83255383,0,1988.415839
26-Jan-18,0,10.20200444,0,0.22791651,,-6,0.37784805,49.85387204,0.0549385,1954.583097
31-Jan-18,0,7.146654379,0,0,,0,1.767026434,64.3332691,5.10164477,1890.582793
2-Feb-18,0,3.429658092,0,0,,0,0.376469511,9.16127166,0,1884.474519
9-Feb-18,0,4.43309711,0,3.06174384,,0,8.502064688,1.27112413,0,1882.207457
16-Feb-18,0,12.02659012,0,4.7336347,,-10,3.51438066,2.644570813,0,1902.870824
23-Feb-18,0,3.17940878,0,0.54977008,,0,7.599005437,5.74782429,0,1893.253173
28-Feb-18,0,7.642925905,0,0.71836207,,0,58.88179697,0,0,1842.759742
2-Mar-18,0,0.31878502,0,0.01716006,,0,4.798209877,0,0.58283994,1837.714637
9-Mar-18,0,11.14761531,0,0,,0,8.999757301,10.38779303,-8.7,1838.174702
16-Mar-18,0,7.085776777,0,0.05627917,,-15,4.75436184,20.99739206,0.68070364,1833.8843
23-Mar-18,0,4.543552235,0,0.64472323,,-5,2.787649258,82.13466501,0,1759.051406
28-Mar-18,0,2.80554891,0,6.02340531,,0,6.845178786,4.06985101,-5.87694733,1762.938664
6-Apr-18,0,1.80156026,0,6.5417451,,-20,3.839721263,43.8286265,-7.99997,1751.540549
13-Apr-18,0,5.712694997,0,3.19383178,,-41,4.723753167,25.50007827,1.59365559,1769.611017
20-Apr-18,0,2.914210966,0,2.03400835,,-26,0.58522369,47.08522314,0,1752.996656
27-Apr-18,0,22.73849611,0,1.24013574,,-27,8.538584176,36.8527171,0,1758.634797
30-Apr-18,0,0.80678463,0,0,,0,5.535164894,0,0.3,1753.623976
4-May-18,0,8.12633406,0,2.275472,,0,22.85734136,2,0.08211245,1739.109307
11-May-18,0,3.57785069,0,1.65928303,,0,2.238117781,10.64890511,0,1731.388331
18-May-18,0,32.340509,0,0.47778855,,0,4.78757269,17.0368665,0.10734187,1742.273033
25-May-18,0,3.393109044,0,12.05622372,,0,22.09835772,5.47019771,0.2395,1730.091366
31-May-18,0,2.88986965,0,0.97486699,,0,6.722750022,1.13831271,0,1726.088837
1-Jun-18,0,3.132510358,0,0,,0,0.01373701,9.28960041,0.058,1719.987512
8-Jun-18,0,6.390563155,0,3.13208376,,0,10.332,0,1.37358455,1717.70328
15-Jun-18,0,3.015342965,0,12.84110973,,-27,2.457478556,9.1796978,0.63062419,1748.263553
22-Jun-18,23.345669,3.6478228,0,0.56116271,,-10,10.62197102,7.09743159,0,1768.001024
29-Jun-18,0,19.48878768,0,7.38081995,,-15,2.916910371,15.73648388,0.31514032,1790.962363
6-Jul-18,0,4.164572714,0,5.38528766,,0,2.50438493,37.39219903,0,1760.594035
13-Jul-18,0,40.43869216,34.94726268,1.09359461,,-16,1.842288959,9.83850758,1.61864705,1804.811596
20-Jul-18,0,6.223454393,0,3.12382545,,0,3.613474235,45.44512076,0.08833551,1764.997065
27-Jul-18,0,4.955541814,0,0.11393366,,-36,1.779051537,0.3418885,0.29432012,1803.668
31-Jul-18,0,1.93866631,0,0,,0,1.848019954,58.08938199,-0.32573768,1745.861941
3-Aug-18,0,1.51305627,0,1.14464274,,-28,2.972375216,41.56805275,-0.055701,1731.941336
10-Aug-18,0,1.79408284,0,0.26210213,,0,4.301940976,35.09553895,0.22795,1694.433589
17-Aug-18,0,3.01244601,0.0706907,2.0763795,,0,7.230923503,4.8940563,0,1687.546608
24-Aug-18,0,9.050532254,0,0.06535737,,-10,1.51853938,0,2.0005,1703.141941
31-Aug-18,0,5.441660406,0,3.86735293,,0,6.814652063,4.1717826,1.18195409,1700.488045
3-Sep-18,0,0.029660799,0,0,,0,1.099017279,0,0,1699.41833
7-Sep-18,0,2.631386038,24.02730097,0,,0,3.281537407,1.2,-0.09011979,1697.670952
14-Sep-18,0,28.67184297,0.58444865,0.69607258,,0,10.75357175,13.25972632,0.21448073,1702.760496
21-Sep-18,0,8.737656497,0,0.27233812,,0,3.265368782,81.56853712,0,1626.905338
28-Sep-18,0,7.76716807,0,1.32834347,,0,2.569054589,18.52783733,9.34116718,1605.58844
5-Oct-18,0,2.01823556,3.37931544,0.08041014,,0,6.242431887,0.97384372,0,1600.414573
12-Oct-18,0,21.73789498,0.30155854,0.6849815,,0,0.699253202,0,7.13335942,1615.022611
19-Oct-18,0,16.04053995,0,3.43288302,,-24,2.838649695,45.69166482,0,1609.977143
26-Oct-18,0,3.02035884,0,0.35192246,,-5,5.438152431,33.9944291,0.2,1578.52481
31-Oct-18,0,5.669814569,0,0.86313079,,0,1.964864936,9.491355665,0.03147,1573.585159
2-Nov-18,0,4.009449195,0,0.18671306,,0,1.13633359,0,0,1576.650058
9-Nov-18,0,9.074935084,1.43125919,1.33847597,,0,0.46431562,3.76033621,0.42363271,1582.416835
16-Nov-18,0,29.56290352,25.87763995,0.83902773,,0,8.112682055,22.64679132,-0.00353418,1581.979806
23-Nov-18,0,5.405989087,0,0.15726028,,0,5.191453009,0.47803408,0.24631943,1581.663268
30-Nov-18,0,4.191947029,0,0.01496326,,0,2.120027317,0.68723739,0,1582.984186
7-Dec-18,0,2.778155113,0,2.23141545,,0,5.129690492,5.81551192,0.27924223,1576.751649
14-Dec-18,0,23.80293741,19.04955816,2.88343405,,0,2.161294095,2.6417605,0.125,1598.592991
21-Dec-18,0,11.24402715,1.88424116,4.31850525,,0,2.576899386,26.1289891,0.02973043,1585.464016
28-Dec-18,0,7.669398557,0,0.00004367,,0,4.782757134,42.11940748,2.19521813,1544.204051
4-Jan-19,0,0.67901363,0,1.74097219,,0,3.092484287,1.88560625,0.02092075,1541.651059
11-Jan-19,0,22.46862221,10.84922704,0.14101272,,0,0.924211111,0,0.03147001,1563.320557
18-Jan-19,0,16.85740197,13.17769604,3.02764056,,0,3.839485583,36.57043765,0.21237486,1542.598224
25-Jan-19,0,5.379640461,0,0.79569,,0,0.819338625,70.25326619,0,1477.687305
31-Jan-19,0,9.490375411,3.201998,0.80786455,,0,1.97773829,56.0625,0.37429367,1429.646498
1-Feb-19,0,6.63114291,0,0.13329544,,0,0.00332931,0,1.0515,1435.265753
8-Feb-19,0,5.37531291,0,0.64822478,,0,24.99594465,9.22932814,8.2338376,1398.828608
15-Feb-19,0,27.12953378,23.15075254,0.08333167,,0,1.607792992,13.50077902,0,1410.938992
22-Feb-19,0,6.131686124,0.42276334,0.90964755,,0,0.88990154,15.99225818,0,1401.094567
28-Feb-19,0,10.87916023,0,0,,-10,0.636655658,10.75103566,0,1410.622033
2-Mar-19,0,0.248084161,0,0.13710788,,-10,0.767484056,0,0,1420.222761
8-Mar-19,0,4.97912149,2.3,0,,-10,4.752012617,0.17235094,-0.5,1429.878383
15-Mar-19,0,36.49402404,22.86853518,0.65288317,,-20,0.6364833,7.40698545,0,1479.100592
22-Mar-19,0,13.22081578,0.89634234,0.42924825,,-19,2.11922358,154.3178385,0,1355.29228
29-Mar-19,0,5.92392026,2.27603817,1.93045517,,-34,11.79079033,9.53826859,0.074931,1375.845069
5-Apr-19,0,4.075062568,0.96936312,0.22668798,,9,0.736096855,1.40340736,-0.87802375,1386.148569
12-Apr-19,0,35.19811651,28.26133374,4.24019624,,-3,0.672438443,35.54889226,0,1392.356846
19-Apr-19,0,4.308853745,1.24577531,0.3,,-8,0.836877168,73.20062479,0,1330.960624
26-Apr-19,0,2.2936255,0,0.87336701,,-21,-8.581929186,26.48526135,0,1320.126761
30-Apr-19,0,10.66808872,4.53469554,0.16959656,,0,5.51256225,7.35449171,0,1318.122555
3-May-19,0,4.260922708,0,0.99148437,,-19,0.591679871,5.81839509,0,1335.927805
10-May-19,0,13.86738792,11.27885543,7.49465202,,-23,3.138540288,3.54399243,0,1373.666283
17-May-19,0,35.17394263,19.40760879,0.89078004,,0,4.624234343,13.62162213,-0.00145382,1391.665866
24-May-19,0,5.58764018,0,3.04053867,,12,3.314998728,26.16188028,0.7,1357.470447
7-May-19,0,2.804328705,0,16.44855367,,7,0.450540428,9.97293395,0.5,1358.861071
7-Jun-19,0,5.521972202,0.33998345,1.32338,,-10,0.271657413,10.11039341,3.64154315,1361.616975
14-Jun-19,0,29.87845112,27.45866223,1.50987724,,0,2.553032898,4.32990112,0.3,1385.709807
21-Jun-19,0,7.307777371,0,2.8804315,,-41,0.551942351,7.42386537,0,1429.005545
28-Jun-19,0,7.748610945,0,2.30312681,,-25,1.113681825,73.46506724,0.02917253,1389.565033
5-Jul-19,0,6.825777932,0,1.06439001,,-3,4.011639653,34.81735923,0.134262,1361.482127
12-Jul-19,0,20.11355327,16.19849328,1.79748649,,-35.2,5.785184773,29.5891241,0,1383.243398
19-Jul-19,0,11.28327141,3.06971455,3.65504536,,-43.96591743,2.273777378,27.17735493,0,1412.70037
26-Jul-19,0,56.5566972,0,1.44469906,,-30.2,3.046148606,39.20614422,1.55,1457.183876
31-Jul-19,0,1.477294424,0,1.12058515,,-32,55.84465999,56.17370013,-0.4928,1380.295043
2-Aug-19,0,0.50467877,0,0.074405,,-27.5,2.487798207,34.49947712,2.9957637,1368.403202
9-Aug-19,0,2.800512445,0.15091433,0.28907408,,-6,4.305601034,0,0.0003,1373.322101
16-Aug-19,0,24.20441091,17.72285133,2.09418623,,-26.2,0.674783892,15.96918791,0.0090113,1409.167955
23-Aug-19,0,2.85446171,0,2.25006824,,-16,3.916924667,32.94482826,-0.0033,1393.598394
30-Aug-19,0,6.007421632,0,0.81179891,,-28.5,3.194354998,7.02301309,0,1418.792372
6-Sep-19,0,4.675524915,0,2.04792818,,-33.533565,2.30529892,10.23988041,0,1446.485438
13-Sep-19,0,17.62021762,13.562295,0.26468171,,-1.466435,1.625056373,20.25104496,0,1443.878844
20-Sep-19,0,16.32025323,0.79354154,1.4025858,,-2,3.700146223,27.53223075,2.121,1430.367581
27-Sep-19,0,2.09022523,0,4.15395472,,-27,2.82952177,5.46749087,0.32239637,1455.058445
30-Sep-19,0,3.103948221,0,0,,1.5,1.232115831,0,0,1455.42985
4-Oct-19,0,3.301426802,0,0.6301643,,-6,13.55669282,1.08029455,0,1450.819608
11-Oct-19,0,23.22022074,18.85910658,0.55039562,,-6,1.356246598,7.29871438,17.39331865,1454.546091
18-Oct-19,0,7.938586841,2.34041809,2.43054539,,-10,0.935853115,67.40647764,0,1406.614521
25-Oct-19,0,6.707598381,0,2.02391968,,-6.5,1.64320765,2.17253785,0,1418.027828
31-Oct-19,0,5.037423753,0,2.84406536,,-15,5.318544886,35.45952452,2.5005,1397.7923
6-Nov-19,0,1.976847115,0,1.9872288,,0,0.07276506,0,-0.06544813,1401.756553
12-Nov-19,0,5.499633658,0,0.5533367,,-4,3.312935543,17.85847948,0,1390.71701
18-Nov-19,0,18.30087206,10.50918642,0.38870286,,30.5,5.318784554,15.98739365,0,1357.60234
24-Nov-19,0,13.58790867,9.13554418,1.97977161,,0,1.767700158,0.04978203,1.59899054,1369.902361
30-Nov-19,0,2.316559709,0,2.10448241,,20,2.737752418,0,0,1351.588362
6-Dec-19,0,3.939899736,0,3.27353816,,0,1.307338645,0.74412895,-1.895748229,1358.787028
13-Dec-19,0,37.10209102,18.77217866,0.34940481,,0,11.83595886,0.00423081,0,1384.467583
20-Dec-19,0,59.09263183,1.42431673,2.375827674,,0,1.686024042,7.53894578,7.272144,1429.487942
27-Dec-19,0,13.06993246,0,1.94770683,,0,1.524449623,6.595882021,0.02598891,1436.310217
31-Dec-19,0,9.104821731,0,0.21179992,,3,8.88660282,8.98003367,0,1424.760736
3-Jan-20,0,5.878775384,0,0,,0,0.02771357,19.03139357,0,1411.705024
10-Jan-20,0,10.98141711,0,2.97053091,,0,4.487012687,11.24753981,0.65,1409.246892
17-Jan-20,0,7.590959811,11.36584238,1.93388123,,-8.5,1.72532553,77.09540852,-10.55657255,1370.394851
24-Jan-20,0,2.814329202,0.39434773,0.55812306,,0,2.324877328,19.97314134,0,1351.853719
31-Jan-20,0,2.547876789,0.3005004,0.7601694,,-5,4.977305704,77.19760402,0,1278.349183
7-Feb-20,0,2.599946104,0.51091039,0,,-13,3.543609559,7.51512591,5.72738813,1277.677758
14-Feb-20,0,5.170493275,9.09073195,4.32462796,,0,2.555273157,5.32579762,0,1288.423267
21-Feb-20,0,10.81913,11.32320304,0.01086,,-30,6.287469437,16.74682879,2,1315.559957
28-Feb-20,0,4.132487834,0,9.71461073,,-9,2.490935609,0,0,1335.940707
6-Mar-20,0,4.994756743,0,0,,5,1.32730866,3.283388258,0,1331.396879
13-Mar-20,0,4.189546538,7.82296243,0.76732513,,0,3.71127883,0.01047161,0,1340.522468
20-Mar-20,0,7.26110346,8.92030062,4.79927278,,14.5,24.9930511,20.15652,0,1301.905085
27-Mar-20,0,11.38966572,0,5.97450243,,0,1.733182438,5.48869706,0.65,1311.38705
31-Mar-20,0,8.319054796,0,0.92678463,,-48.5,0.70255057,0,0.05543438,1368.379648
3-Apr-20,0,1.905372197,0,0.73366917,,0,2.591146986,0,0,1368.447197
10-Apr-20,0,6.750418299,0.9960805,0.57458916,,15,2.198522518,54.68421053,0,1304.864397
17-Apr-20,0,4.343785371,11.43850881,0,,-3.5,3.787487652,44.88704337,3.51272129,1271.952419
24-Apr-20,0,17.31136101,0,4.76626422,,-10.5,2.375264959,2.22728961,0,1299.94011
30-Apr-20,0,6.023999633,0,3.9005145,,-0.5,1.33786719,0,0,1309.015246
8-May-20,0,6.95518481,0.24592027,4.07796331,,-3,3.480940538,0.71490552,0,1319.107412
15-May-20,0,22.25726512,14.86296463,5.24901557,,-4,3.138994269,18.15318165,1.48769447,1342.1846
22-May-20,0,45.22339579,0,1.515057319,,-3.5,2.963579377,4.340135,0.5,1384.63186
29-May-20,0,2.48384635,0,0.52061765,,-2.5,42.24507711,4.41475974,0,1343.478744
5-Jun-20,0,7.402165652,1.24609201,2.31827923,,0,20.54163101,3.45848937,0,1330.457412
12-Jun-20,0,12.48348765,7.79277708,3.16087422,,-4,2.97297969,14.61838601,0,1340.261845
19-Jun-20,0,33.45686258,2.98452179,1.37406067,,-31.635,2.594293629,1.12114003,1.26,1404.703723
26-Jun-20,0,0.8729297,42.02448622,0.759313,,0,10.52890841,33.56773661,0,1404.280577
3-Jul-20,0,3.07285614,1.05725978,1.24688634,,26,14.12991356,5.396808,2.886411,1365.06447
10-Jul-20,0,5.4105492,32.47407581,1.05857224,,-14,1.4995543,7.75556044,0,1408.754291
17-Jul-20,0,6.219311543,28.96397145,0.20436631,,0,17.51812947,8.63120851,0,1417.18553
24-Jul-20,0,36.67594961,0,0.23082469,,4,3.58961717,4.52316739,0,1441.988097
31-Jul-20,0,8.391518339,0.255627481,6.08924917,,0,0.036010864,95.57798252,3.66969252,1354.732505
7-Aug-20,0,3.083907998,1.86492321,0.30599098,,0,30.77322335,5.49019795,0,1323.68876
14-Aug-20,0,49.05935235,10.72807016,1.89929861,,0,2.192306932,3.36850099,0,1379.810918
21-Aug-20,0,1.220994824,3.126392335,1.6532261,,10,2.32010459,14.21052632,0,1359.145405
28-Aug-20,0,1.1069909,3.33374548,5.52346885,,26.7,15.93827843,12.31855073,0,1314.149672
31-Aug-20,0,2.902061185,3.56613857,0,,10,0,0,0,1310.618644
4-Sep-20,0,16.58275829,4.10440791,1.47431631,,16,10.6018165,2,0.38933276,1303.784
11-Sep-20,0,15.88072357,7.98017306,3.32701537,,14.8,2.557269579,2,0.87013132,1310.745332
18-Sep-20,0,43.70713907,4.02128295,0.68701645,,20,0.401435268,6.78550413,0.7573004,1330.917339
25-Sep-20,0,49.04153787,2.45702034,0.49989341,,30,3.602849661,27.07089818,0.87850215,1321.364796
30-Sep-20,0,1.893587745,1.5080893,0.93,,4,25.53572301,0,0,1296.155528
2-Oct-20,0,5.740792628,0,0.073623,,1,20.51555812,0,0,1280.45531
9-Oct-20,0,24.38236857,52.21573141,0.22590838,,4.5,39.95397406,8.5180659,0.15008,1304.230303
16-Oct-20,0,4.810618116,30.8028271,0.34034394,,5.4,0.665477421,5.33762753,5.15,1323.650541
23-Oct-20,0,5.395183137,1.91010366,5.99089577,,16.3,22.20692355,0,0,1298.44165
30-Oct-20,0,4.00803011,1.1990385,28.63407729,,24.8,12.02050471,8.44004195,3.8016572,1283.130234
6-Nov-20,0,10.18051756,1.829470355,1.46057176,,19.35,2.579556035,3.98571429,0.05374161,1270.5477
13-Nov-20,0,6.408032703,16.9922554,1.52946779,,25,0.919245131,0.53750171,0.5629582,1268.458824
20-Nov-20,0,19.51996687,20.66660232,0.88324484,,39,4.39355045,2.22141866,0,1263.873908
27-Nov-20,0,27.23283317,3.754073682,1.49021117,,25,22.23847195,4.33845721,0.54339862,1244.232332
30-Nov-20,0,1.37004527,0,6.5575318,,7,1.16398985,4.09750653,0,1239.900431
4-Dec-20,0,5.04030816,0,0.0565378,,30.5,0.698998,0.86555267,0,1212.817886
11-Dec-20,0,10.863969,16.67868458,0.67946318,,32.9,3.991552334,0.1345,0.33053,1203.658267
18-Dec-20,0,29.53895419,18.71377041,6.0113679,,46.5,7.02845491,3.74452652,0.80601597,1199.925908
24-Dec-20,0,3.30787705,0.55471857,7.2179127,,17,37.72953643,6.35916547,-0.3954595,1150.308557
31-Dec-20,0,38.79979704,8.62165809,3.25869687,,16.5,3.03624936,2.64937667,0.42595775,1178.422071
8-Jan-21,0,34.90672359,29.840429,0.06,,13.5,38.87467317,0,-0.77039297,1161.78311
15-Jan-21,0,83.97896054,77.64353217,3.2198473,,26,1.326195251,0,-0.5265675,1222.180406
22-Jan-21,0,7.164200332,2.26959111,0.74155598,,57,0.121830564,0,0.68,1172.290709
29-Jan-21,0,35.94717612,0,0.40853401,,32,2.309168746,1.04137994,2.97,1170.32594
5-Feb-21,0,10.51272646,1.77945814,0.391969,,14,32.26559798,2.53345153,4.696676,1127.735563
12-Feb-21,0,36.80298741,23.56968354,0.30009093,,-6.7,0.86627008,1.26493976,-0.51107,1169.920691
19-Feb-21,0,24.65100969,16.78029506,0,,22.35,2.534547606,6,0.2,1163.494592
26-Feb-21,0,15.78202419,1.4908395,2.25637423,,20,1.94376892,4.20660461,-0.97619214,1156.368391
5-Mar-21,0,3.51152041,0,0,,5,18.88000229,1.9976572,-0.71108794,1134.709302
12-Mar-21,0,31.4673809,21.35391572,0.99571095,,5.5,4.103900552,0,-0.25,1157.817413
19-Mar-21,0,25.57542817,16.03476775,31.39459436,,23,1.46215099,4.62327699,1.998,1183.736226
26-Mar-21,0,47.71302009,7.67004242,0.13245332,,16,2.430038407,22.49618053,0.775,1189.886142
1-Apr-21,0,8.377638967,2.11771496,2.752618491,,7,17.69207876,2.80150202,5,1168.522819
9-Apr-21,0,63.3542731,29.85852117,0.76889518,,12,26.9289937,1.82744945,0.16724625,1191.72848
16-Apr-21,0,109.0578046,105.5552535,2.50305148,,49,16.55599231,1.92167265,0,1235.812823
23-Apr-21,0,60.34590161,16.3880441,0,,57.5,26.08121193,1.28170084,-0.18428403,1211.471902
30-Apr-21,0,11.07501668,4.77175307,0.18348885,,25,3.20921344,1.54737788,-1.81478541,1194.788736
7-May-21,0,12.44845262,2.08046022,10.97307657,,31.2,12.92186793,4.82342616,-0.20827697,1169.469085
14-May-21,0,83.65202642,59.73323686,0.96137962,,19,3.95063013,0.00014385,-0.03226333,1231.18188
21-May-21,0,18.67697443,11.76328884,0,,-135.4987309,2.47313353,2.90524753,5.472883,1374.50451
28-May-21,0,43.59115907,12.33229453,0.72618025,,18.49998406,21.33444805,2.39470829,-0.08309725,1376.681575
4-Jun-21,0,42.76302166,7.14354536,1.30187918,,10,28.83715201,31.13543396,-0.70057084,1351.483631
11-Jun-21,0,27.69110634,13.86786589,2.01289703,,25,1.91001689,0.67604924,0.2433383,1353.308028
18-Jun-21,0,78.59702274,68.79704191,1.10788836,,33,4.600471099,5.65256404,0.00444942,1389.766323
25-Jun-21,0,84.697652,64.23180896,1.33366322,,15,27.16856973,7.09373394,1.74175378,1424.791026
2-Jul-21,0,53.62538292,0.1730429,4.14359509,,13.5,26.54569806,2.83334921,7.03098501,1432.650754
9-Jul-21,0,111.5907948,106.7391714,0.00873978,,4,1.480948803,0,-0.23655504,1539.011598
16-Jul-21,0,73.60639782,61.41079352,0.53491084,,20,1.828542168,6.42441152,0.42145967,1584.476998
23-Jul-21,0,170.5395857,116.6566398,0,,43,4.785367991,0.08227301,3.005,1704.140911
30-Jul-21,0,9.410153564,4.0567572,1.54146646,,32,65.24167134,35.64458073,5.10287575,1577.09302
6-Aug-21,0,25.30488116,3.33600748,0.80034605,,125,-0.637903074,0.69667458,0.78804874,1477.003512
11-Aug-21,0,70.90182647,43.70363766,0.34140626,,23,-1.853011947,5.9688525,-2.11719375,1515.208507
20-Aug-21,0,46.09063159,40.94816017,2.17374174,,69.5,-2.057793431,0,0.44412035,1491.857523
27-Aug-21,0,1349.039621,11.86354176,4.09852854,,-75,-24.60937047,0,1321.560955,2889.154936
31-Aug-21,0,10.63528024,2.09717666,0,,-87,-0.660255203,0.53035964,-0.991,2984.610191
3-Sep-21,0,6.928388265,1.73086274,1.60526932,,-1,33.2228948,1.56312115,0.03568007,2959.306206
10-Sep-21,0,15.75931383,9.22627371,2.74267007,,42,18.74206408,0,0.2713979,2916.796662
17-Sep-21,0,69.39885306,65.90323905,0.12823863,,64,3.441346496,3.12251134,1.171,2914.591029
24-Sep-21,0,59.85071388,6.62887459,2.82514213,,55,5.819792005,3.23319525,6.42762921,2906.785267
30-Sep-21,0,10.67324198,7.74974395,45.80005507,,12.0003535,29.28269467,15.03206257,1.19139954,2905.752078
1-Oct-21,0,0.986488016,0.65702138,0.0619657,,11.5,5.807594492,0,0,2889.487424
8-Oct-21,0,92.19240716,40.4217565,2.10009291,,125.0000138,1.71787334,9.13585689,3.69194511,2844.200202
15-Oct-21,0,97.67978761,92.1999657,0.21855435,,216,27.51583406,3.1974864,2.376325725,2693.010739
22-Oct-21,0,11.80080846,5.63813315,0.65549819,,20,21.98555396,0.00010963,0.19218651,2663.290368
29-Oct-21,0,25.83767004,7.74037976,2.67459369,,20,32.53417874,0,8.28572509,2630.980125
5-Nov-21,0,9.58129888,1.2064839,0.73738719,,0,14.5801054,0,0.15823101,2626.559826
12-Nov-21,0,60.50116973,31.66504201,0.70137947,,25,10.79099349,3.02782165,4.24789103,2644.573481
19-Nov-21,0,76.05698323,51.44143606,3.04767936,,14.442674,16.24831073,9.68214621,5.84683996,2677.501413
26-Nov-21,0,75.05127802,2.96029114,0.07125986,,14.75,48.79783976,11.67177894,1,2676.403192
3-Dec-21,0,16.72885775,1.46893019,4.87097571,,3,33.85255877,0.04197838,0.703637343,2660.4049
10-Dec-21,0,15.24957445,7.8650379,0.1500533,,-5,6.851280935,0,1.02454891,2672.988367
17-Dec-21,0,67.25720567,64.30709594,1.47683594,,3,20.29110711,0,-0.06070703,2718.491111
24-Dec-21,0,8.174567616,2.99104081,1.70351622,,31.5,1.872341105,1.34548154,0.53271056,2693.122207
31-Dec-21,0,109.2962385,38.54132581,0.3749484,,17,11.762146,2.46257382,1.04285956,2770.525902
7-Jan-22,0,8.79842193,1.50059776,1.03886721,,0,55.25804091,0,2.390953485,2722.711584
14-Jan-22,0,244.1700237,207.1623497,0.48373381,,20,22.00750847,0,-0.51966366,2925.719369
21-Jan-22,0,22.51253678,16.20917011,0.04476924,,33,27.12919802,0,9.941347976,2878.207488
28-Jan-22,0,6.563923574,2.59681883,16.24034347,,0,13.09045645,3.48892007,2.22454288,2882.208397
4-Feb-22,0,21.96317435,5.81995187,0,,34.5,2.26896819,0.141967,1.977933999,2865.307324
11-Feb-22,0,18.08354709,11.81513045,2.3499282,,16,2.191036209,2.131263816,5.70551676,2859.712999
18-Feb-22,0,67.7297702,62.99617835,1.18713568,,74,3.313246051,1.50616526,0.27427696,2849.540984
25-Feb-22,0,31.5510438,4.09038,1.45921461,,31.5,18.72268037,8.06845502,1.281831873,2822.976639
4-Mar-22,0,17.13423331,3.59293891,1.46978476,,28.5,27.10644002,0,0.95209941,2785.022118
11-Mar-22,0,23.81117032,5.41811109,150.6891843,,10,5.075594558,3.83564747,0,2940.610754
18-Mar-22,0,66.26797032,61.54532193,1.03079451,,72,32.22158056,3.27070964,-1.88275812,2902.298829
25-Mar-22,0,18.74632125,0,3.38582351,,30.5,6.470340683,12.61186523,5.45496874,2869.397531
1-Apr-22,0,38.58227693,0,0.87340159,,35,1.285412031,0.13918979,-1.65946996,2874.088077
8-Apr-22,0,25.89080905,15.19937528,1.11868242,,46,-16.56347131,5.05125,-2.03848636,2868.648276
15-Apr-22,0,121.8989187,112.9778645,1.36219544,,28,9.920280509,6.63034005,120.483883,2826.874887
22-Apr-22,0,15.07302511,11.29750528,0,,23,3.12491346,4.91133874,-92.62853376,2903.540194
29-Apr-22,0,9.41107478,1.74955736,1.39328817,,23,3.821963452,3.87202265,-0.50686276,2884.157433
6-May-22,0,42.02986038,26.39794426,1.9038782,,28.5,1.988502639,0,51.22543042,2846.377239
13-May-22,0,40.27470845,31.73793208,1.27528893,,18,16.12611306,0.16531424,0.42651539,2853.204327
20-May-22,0,45.14946333,25.57299951,3.76870932,,22,3.49998381,1.05573818,4.65922803,2870.909821
27-May-22,0,16.59123693,0.5,7.980137,,35.5,0.55863897,20.36159043,1.60097128,2837.462194
3-Jun-22,0,27.03398047,2.55700481,3.54348324,,63,4.678694833,0.49678309,4.93069152,2794.938626
10-Jun-22,0,16.71168571,7.57774774,2.24056856,,26,2.66878614,4.4535554,4.46530544,2776.306534
17-Jun-22,0,51.55186992,43.69508825,93.54693661,,36,21.09557807,0,10.90411566,2853.400591
24-Jun-22,0,178.4618098,163.6756572,9.10854897,,21.5,0.188909411,0.34563437,0.33329304,3018.603623
1-Jul-22,0,18.50655029,0.0002954,0,,34,15.23427714,0,1.707755536,2986.168141
8-Jul-22,0,35.68448589,11.07741033,5.377892,,19.5,32.50783964,0,0,2975.218588
15-Jul-22,0,121.5469386,116.1600586,0.00883883,,55.5,15.60603703,2.09352973,4.44599991,3019.126553
22-Jul-22,0,17.44967373,2.21006479,1.29015459,,37,4.086898526,0,0.47837296,2996.304446
29-Jul-22,0,36.04402464,29.59873739,0,,10,2.528633409,5.159127697,3.08478005,3011.580614
5-Aug-22,0,10.38832755,3.91784903,3.53034744,,0,2.154561972,0,1.07,3022.275161
12-Aug-22,0,79.78112827,23.63634541,1.72863773,,9,31.13395435,0.00592946,0.4582,3063.193268
19-Aug-22,0,27.19653876,20.69532643,1.44464115,,25.5,13.57561543,0,9.86220166,3042.890774
26-Aug-22,0,7.675699578,3.3562048,4.36161126,,14.5,17.14377662,0,3,3020.285663
2-Sep-22,0,197.5984079,0.0001552,0,,-15,11.22877967,6.6973571,-0.001195,3214.944675
9-Sep-22,0,14.82454216,7.60022772,0.98366093,,13.5,10.07864866,0,5.56877825,3201.603003
16-Sep-22,0,75.46959385,38.98449215,1.87021324,,40.5,37.84197351,0.36302283,22.96867325,3177.267479
23-Sep-22,0,14.92380476,8.66320046,1.14147822,,57,12.04420633,0.74860371,7.05656439,3116.483327
30-Sep-22,0,17.66618219,12.24075736,1.5492148,,41,20.46785713,0,28.35,3045.88091
7-Oct-22,0,20.16554594,3.74299276,1.09292431,,55.5,5.64489555,0,5.2515,3029.240175
14-Oct-22,0,43.77161724,36.06632576,1.57906478,,28,17.25223627,0,7.37505315,3022.001536
21-Oct-22,0,2.72005566,1.21611997,0,,22,5.00041037,1.09748741,7.27315713,2989.100744
28-Oct-22,0,33.70184555,13.16293425,1.09624351,,23.5,26.48136597,15.43169752,0,2958.181379
31-Oct-22,0,4.560513896,2.36510995,0.21635034,,0,7.502996292,0,0,2955.415672
4-Nov-22,0,23.37654538,0.05322395,1.4712424,,30,15.89873832,0,0.8503,2933.514422
11-Nov-22,0,207.2691344,7.36122277,0.96628703,,65,28.70559547,2.54820169,0.2988,3045.087323
18-Nov-22,0,75.45597991,38.98426531,1.380618535,,44.5,2.94123978,0,5.36113526,3069.113444
25-Nov-22,0,27.96652169,3.81217342,0.34119476,,0,4.6838678,24.01615241,9.2498398,3058.822362
30-Nov-22,0,39.06126002,23.8249554,2.50478302,,0,0.638622051,0,97.42650494,3002.320884
2-Dec-22,0,10.43102602,0.00478405,0,,50,1.037482684,0,0,2961.71471
9-Dec-22,0,420.9041758,11.17026675,6.01434802,,55,391.3689438,0,19.71344068,2922.553047
16-Dec-22,0,58.2988394,31.45265071,0.27737391,,70,0.776523052,0,35.87155913,2874.480362
23-Dec-22,0,251.7321335,6.03560874,21.89086189,,0,26.04287117,6.703740735,171.0025517,2944.354194
30-Dec-22,0,103.01216,5.77709006,0,,0,14.49122897,0,3.874817607,3029.00054
6-Jan-23,0,11.1890214,1.4302576,0,,0,4.597124842,0,4.92076838,3030.670412
13-Jan-23,0,95.11853352,70.78840605,0.3824588,,70,11.57918137,0,1.711559067,3042.880275
20-Jan-23,0,19.46070277,10.65979911,0.43344789,,15,7.099619696,2.54692644,4.58647928,3033.54322
27-Jan-23,0,12.48151947,4.87996754,2.40690154,,27,3.98501495,0,9.4899053,3007.957538
3-Feb-23,0,14.43292991,1.47319556,1.84150341,,0,5.101706142,2.70552898,2.04183521,3014.381425
10-Feb-23,0,60.91834676,11.03803698,0,,107.5,25.16146119,0.02940318,-1.50087525,2944.108149
17-Feb-23,0,61.6773386,31.97376531,1.10207692,,13.5,10.35307118,2.28984894,6.18558467,2974.556076
24-Feb-23,0,27.43761409,3.91128292,0.77437187,,0,10.98528431,0,2.04400503,2989.738396
3-Mar-23,0,10.9862378,1.36740743,9.23898219,,0,0.854786714,6.0417815,7.003609181,2996.064977
10-Mar-23,0,24.10888851,13.16786132,48.72964934,,50,10.34251139,0,-3.88645205,3012.448591
17-Mar-23,0,36.82978653,26.2908639,3.58313107,,30,2.209515342,0,7.55578491,3013.094267
24-Mar-23,0,23.74451372,2.47926435,1.02650754,,29,2.92265295,5.00112521,94.75816545,2906.18375
31-Mar-23,0,9.964686516,3.27534631,0.60948466,,20,-8.014240026,0,-2.94798472,2907.720146
7-Apr-23,0,68.15762822,56.69157136,32.58052147,,61,7.45286202,0.21588379,-3.49837278,2943.289451
14-Apr-23,0,40.67833235,23.47735175,0.01697224,,0,2.631065778,1.46465774,3.88183219,2976.006437
21-Apr-23,0,18.73846537,2.07296636,0.20759224,,15,3.948293607,0,2.477383,2973.526178
27-Apr-23,0,10.21486199,4.41466662,0.66037426,,40,4.433224289,5.49834305,3.10985613,2931.358462
5-May-23,0,11.74458764,6.26237303,0,,35,2.068785121,18.26059781,8.20562628,2879.567209
12-May-23,0,40.40401783,32.02158452,0.07257528,,14,8.569698309,3.32895057,-2.88737596,2897.035024
19-May-23,0,14.73151917,13.26295005,3.37838899,,12.5,16.4877635,14.42767879,30.68308447,2841.042582
26-May-23,0,6.33949845,2.24272238,1.30912126,,13.5,9.081569191,3.289756871,-1.35844724,2824.178666
2-Jun-23,0,8.173743946,0.93755286,0.47657444,,20,9.998663613,0.412633357,-0.75963857,2803.176328
9-Jun-23,0,19.54401762,7.46856302,21.64630781,,54,6.807404216,18.71857354,135.5176349,2629.33053
16-Jun-23,0,49.03354919,12.52992188,9.52874973,,52.5,0.660828958,0.3038024,4.6199682,2629.811491
23-Jun-23,0,44.41675273,36.06966559,4.35710643,,0,8.709598728,0,-1.43143355,2671.309014
30-Jun-23,0,12.00620907,4.56813404,8.38013841,,23.5,15.49987794,4.30329733,-1.210851473,2649.599613
7-Jul-23,0,13.14546285,10.45280061,1.84585888,,0,2.490260956,0,-0.374747213,2662.474258
14-Jul-23,0,96.68253771,64.78961552,0.0945845,,50,0.274277773,0.25012345,9.976541183,2698.751664
21-Jul-23,0,205.6705894,10.40035002,0,,25,2.381555191,3.87201479,13.81859316,2859.353233
28-Jul-23,0,7.120867272,4.38999027,0.71812277,,7.5,6.785371919,3.48890964,45.34477282,2804.073092
4-Aug-23,0,4.397786504,0.99408225,1.31918704,,17.5,8.8476648,3.95293874,4.36029575,2775.129166
11-Aug-23,0,40.96387208,18.30835404,0.039341,,0,5.051788858,0.68177643,-1.10226002,2811.499503
18-Aug-23,0,55.13351525,27.74901136,0.70613077,,0,38.85955249,18.76667723,8.69847696,2801.011185
25-Aug-23,0,12.17707818,10.25376017,3.55984223,,-15,4.086442682,0,-0.54861422,2828.212269
1-Sep-23,0,14.12983697,0.00005162,3.67118745,,0,7.157572923,0,-2.16252242,2841.018511
8-Sep-23,0,8.90314122,6.46084595,7.46343975,,2,25.48791666,0,-1.03470121,2830.930766
15-Sep-23,0,60.88103001,49.37959372,1.3258191,,7.5,8.748518621,0,0.49303563,2876.395946
22-Sep-23,0,9.42380668,6.59198512,0.68630785,,11,8.496104894,5.48706632,4.39914061,2857.124553
29-Sep-23,0,6.219586067,2.82528665,0.135,,-17.5,10.23372704,6.33689947,-3.01371274,2867.422096
6-Oct-23,0,6.992688815,5.07878899,0.661643,,3,4.708218611,0,-1.11145728,2878.475336
13-Oct-23,0,70.17002885,57.42849958,1.36032899,,30,7.614276263,0.25009345,3.15527489,2908.987506
20-Oct-23,0,22.96907269,19.22573299,0.71759783,,12.5,10.35995216,1.07785922,0.54695327,2908.188607
27-Oct-23,0,3.2706878,2.82588591,0.40381962,,0,2.603346489,0,16.25101983,2893.008748
31-Oct-23,0,17.64327872,2.20397776,0,,0,1.075449352,22.7220626,-2.0226112,2888.877126
3-Nov-23,0,4.680754681,0.89136278,0.89136278,,0,0.041694006,0.24795554,-1.82758553,2895.089967
10-Nov-23,0,64.19265668,11.68782354,11.68782354,,0,5.478337226,0,-2.78703226,2956.630215
17-Nov-23,0,52.66026758,23.8059313,23.8059313,,-60,0.063419129,1.042688366,-7.770509945,2955.916526
24-Nov-23,0,30.11193827,5.40647719,5.40647719,,0,0.671180358,35.9919954,5.20761983,2976.927538
30-Nov-23,0,41.95726794,4.42721608,4.42721608,,0,0.08758931,0,-15.1143801,3033.911844
1-Dec-23,0,2.5229,0.02670037,0,,85,5.227058416,0,-1.30077774,2947.532941
8-Dec-23,0,5.59674654,6.38117322,0.88265308,,25,12.94923048,0.72475311,-1.76381958,2923.497758
15-Dec-23,0,29.99743432,33.57110882,1.82332125,,0,3.683324466,0,0.52947404,2981.037504
22-Dec-23,0,192.9406087,7.92664081,2.15543935,,0,5.227377368,11.49081815,-2.088993131,3169.435359
29-Dec-23,0,18.60175152,3.21155137,0.22526695,,0,4.404672241,0,9.01937771,3312.665589
5-Jan-24,0,7.246140066,1.87098337,1.97175903,,75,9.046760749,0,20.66094893,3208.981921
12-Jan-24,0,8.096829879,37.25499358,0.05856664,,57.5,8.994077421,0.35305167,-1.03424292,3188.579732
19-Jan-24,0,7.67290448,27.58177944,6.35350164,,17.5,20.3884786,7.34915244,-1.36448957,3186.315351
26-Jan-24,0,14.94342646,8.30688232,0.5,,0,14.43432672,0.52371253,4.92729962,3190.201704
31-Jan-24,0,19.52054539,6.01189593,12.3830547,,0,11.53476661,0,1.1445418,3215.415589
2-Feb-24,0,5.104888769,0.36572646,43.55064808,,0,3.8702404,0,-1.59894494,3262.165556
9-Feb-24,0,277.2754666,12.0793565,0,,54.5,16.94698779,4.45270588,1.53982842,3474.082927
16-Feb-24,0,17.62457319,33.04398081,1.40783383,,70,7.411092561,6.54068402,-2.09470515,3444.302051
23-Feb-24,0,23.1624327,13.47401906,0.45000291,,17,11.0779536,0,1.06544009,3453.046722
29-Feb-24,0,13.33173065,2.60734579,1.32077933,,8.5,11.85950514,0,5.197428057,3443.954033
1-Mar-24,0,15.47748009,0.21837779,0,,0,3.141948239,0,-0.13677467,3456.444588
7-Mar-24,0,29.15926315,10.77875083,0.96510903,,0,9.777131164,0.37149674,-1.69225652,3478.093607
15-Mar-24,0,73.42830884,26.72830593,1.31544327,,0,5.37652789,0,-0.501981662,3548.017698
22-Mar-24,0,20.58788022,5.12450454,28.08179066,,0,20.56138636,5.53915592,1.35236979,3569.189494
28-Mar-24,0,37.6691051,5.44292192,42.55016521,,39,40.82535514,6.88784771,6.7444132,3555.941196
4-Apr-24,0,9.620488502,4.87558283,0.27057211,,42.5,7.733595703,0,-2.2984239,3522.772051
12-Apr-24,0,31.92932416,67.12750729,0.14599421,,38.5,22.33427327,0,-3.8036426,3564.943127
19-Apr-24,0,8.769790629,12.62928504,1.55596391,,30,21.22922335,2.774209104,-14.43041866,3539.809102
26-Apr-24,0,3.702707315,5.20751208,2.07713071,,12,21.22922335,0,38.99781609,3510.583511
30-Apr-24,0,1.771240147,3.30305889,0.26204008,,10.5,21.22922335,0,-0.28831089,3503.64999
3-May-24,0,8.002238896,0.09492632,0,,0,4.007375182,0,-15.71110171,3491.933251
10-May-24,0,34.64183594,11.55856594,0.01310195,,30,5.313980232,1.045471147,-3.104907112,3487.124152
17-May-24,0,55.02048745,28.5753647,0.82149404,,16.5,1.092614972,35.76844311,-4.324473171,3485.28
24-May-24,0,15.75403779,5.69032282,77.2286988,,21,28.74889342,0,0.68320513,3529.19847
31-May-24,0,49.77845874,13.06336569,1.68806439,,15,16.17007837,3.359155753,-10.14931242,3535.982615
7-Jun-24,0,52.33019994,6.33893578,1.46867011,,32.5,7.030719124,0,2.45138697,3552.702111
14-Jun-24,0,57.50577591,45.98178227,1.56453211,,26.5,43.00271186,125.1913088,1.54040787,3418.6256
21-Jun-24,0,59.15852721,31.79206619,24.01534852,,14.25,22.52105049,6.2363678,1.7243109,3460.516845
28-Jun-24,0,643.4294521,16.42550457,49.24862149,,15,30.96261789,216.7330966,-4.81986797,3885.675524
5-Jul-24,0,16.27036556,1.78843155,0.45671281,,0,84.57879107,0,2.40582824,3817.205859
12-Jul-24,0,38.80985631,64.22990833,0,,20,5.645344599,0,-2.01139478,3828.361833
19-Jul-24,0,21.25876921,30.43979249,0,,12.5,10.40358945,9.30550702,14.39296423,3830.223392
26-Jul-24,0,8.917041662,4.9882529,0.93071273,,5,13.22099332,8.1982315,-9.2164495,3827.857775
31-Jul-24,0,11.85384662,4.17893287,0,,8,8.98113466,0.52070565,-0.91631528,3827.305506
2-Aug-24,0,77.89697015,0.11380774,0,,0,0.667097826,3.09937257,-0.99464693,3827.305506
9-Aug-24,0,33.48247227,11.43227521,1.091318,,3,0.052161301,0.41211952,-10.13102333,3902.360266
13-Aug-24,0,67.31054666,37.55142764,0.19,,10,118.1423116,14.79376596,6.49452557,3950.313423
24-Aug-24,0,38.12329819,8.02166184,0.1,,5.5,40.16718677,0,51.41814273,3907.833813
30-Aug-24,0,16.85165455,6.18740345,160.393336,,12.5,6.696652308,0,-42.51145638,3855.347027
6-Sep-24,0,11.74535492,3.27305084,4.32285079,,8,6.691685288,0.15045189,0.39797284,4062.647786
13-Sep-24,0,5.367409942,38.13717293,4.47509409,,2,27.15145275,0.21639985,-0.73899652,4082.00406
20-Sep-24,0,34.80673957,16.62999737,22.25188874,,5,20.32809713,6.4342506,5.79528818,4118.131993
27-Sep-24,0,26.00592465,4.48119596,13.41950116,,3,6.187126013,6.92885702,29.84286956,4116.08
30-Sep-24,0,12.39071701,2.42168609,0.148,,0,12.205934,0,-0.184724,4133.274925
4-Oct-24,0,15.21168344,2.82251421,0,,-5,27.12902974,0,2.02449357,4127.154766
11-Oct-24,0,19.81574768,78.10024366,0.1473145,,0,21.45405809,0.25009358,10.95959323,4192.554152
18-Oct-24,0,15.29393529,29.61059104,11.31000571,,0,17.90563899,0,2.335297832,4228.552985
25-Oct-24,0,4.818151571,9.40196859,0,,-3,26.79412229,5.08363693,34.02755171,4179.90772
31-Oct-24,0,17.23845355,4.04066168,7,,16,26.58707486,0,0.14939355,4165.385508
1-Nov-24,0,38.37596905,0.02243046,0,,5,0.070305613,3.7171761,7.27152338,4187.72522
8-Nov-24,0,18.57193749,12.4809077,5.31904058,,25,15.07093556,0.24535476,-1.60560258,4185.419425
15-Nov-24,0,24.06428685,53.59880143,3.81871346,,14,77.4129619,0.496932541,-2.17415752,4177.646432
22-Nov-24,0,11.29583095,18.09808513,16.27151914,,38.5,13.15979392,42.33734845,3.535530162,4125.271269
29-Nov-24,0,23.89094963,8.10982209,0,,38.5,17.84927499,1.98653227,6.82341837,4092.113252
6-Dec-24,0,2.71857756,16.31193533,4.5,,18.5,7.6372319,0.838226498,-1.48395937,4090.161913
13-Dec-24,0,47.89918754,43.63163993,0.95416406,,12.5,11.45543811,7.72879799,11.47622727,4139.48696
20-Dec-24,0,10.37633369,200.7072199,109.3085665,,0,70.19858695,0,0.5879488,4389.492504
27-Dec-24,0,6.87382233,48.32001937,29.48110307,,2,30.60104666,0.16821348,-1.93574276,4442.933932
31-Dec-24,0,2.3671646,2.361432899,0,,0,31.10750418,126.5585504,1.38006225,4288.616413
3-Jan-25,0,4.181009148,0.26936442,0,,0,9.004660756,0,-13.46242894,4288.616413
10-Jan-25,0,129.3312742,91.11444285,0,,15,45.55319176,0.34481002,-1.42895862,4297.25519
17-Jan-25,0,47.69414149,40.98447477,16.26330196,,44,21.37353757,0,-17.22165794,4367.117302
24-Jan-25,0,27.25063166,6.06356406,0,,13.5,23.73993643,10.71969326,-2.52724248,4366.659564
31-Jan-25,0,58.69537121,4.92881823,0,,-0.5,11.44517712,0,-1.68398008,4348.477325
7-Feb-25,0,13.95989808,3.38010747,0,,8.5,9.320109633,4.975051,-1.15793702,4393.613923
14-Feb-25,0,10.38433838,38.97511147,0.7997987,,25,23.53703674,6.56011798,0.21520943,4388.461208
21-Feb-25,0,19.205883,14.87921477,0.65524476,,10,24.8957294,7.008644,-1.92110789,4383.217767
28-Feb-25,0,53.79056471,4.85031475,0,,12.5,18.01022258,0,1.180037484,4410.168625
7-Mar-25,0,41.27998743,3.93354837,0.07,,13.5,2.766775577,0.64924081,-0.088323903,4438.637925
14-Mar-25,0,40.30030752,40.10922468,9.8850331,,38,21.5865708,0,7.50737273,4461.837994
21-Mar-25,0,10.77595281,16.18180457,10.0920429,,19.5,5.523383077,6.12955891,2.05924679,4465.675406
28-Mar-25,0,31.1747889,8.9861367,0.0236485,,20.5,38.21751926,6.92218008,-1.7561591,4442.325602
31-Mar-25,0,27.29563898,6.41856653,0.1985,,10.5,0.970524502,0,-0.77954613,4465.198007
4-Apr-25,0,39.12858493,1.87394391,2.83021298,,20.5,2.342451608,0.25009345,-0.70011966,4486.637447
11-Apr-25,0,20.19032398,46.0419259,12.23779649,,22.5,19.0845906,0,-1.23263315,4524.755097
18-Apr-25,0,31.68861308,23.02870894,22.24164908,,22.5,8.3110663,4.026351063,-0.72098204,4599.565315
25-Apr-25,0,8.718752469,5.74592906,45,,0,17.49044032,0,-1.54443394,4632.853725
30-Apr-25,0,29.2376749,7.88772882,0,,4,0.059774006,3.36747784,-1.07228389,4663.824161
2-May-25,0,11.74920345,2.56835959,0,,5,6.550497353,0.035755094,-0.21196664,4663.824161
9-May-25,0,36.38489595,12.02863297,0.92504886,,9.5,18.68169732,27.92179593,-2.599418,4664.199078
16-May-25,0,49.37848742,27.80282298,11.80447832,,19,39.0533843,46.27059419,1.523635888,4647.805147
23-May-25,0,66.90463247,9.35912465,1.65631103,,26.5,10.59694761,0.34564811,1.16907193,4603.145198
30-May-25,0,77.39054098,12.60763376,0.59248794,,10,13.90957761,0.113333,1.46176509,4633.094474
6-Jun-25,0,41.49236979,4.54073581,0,,9,20.16399958,8.068600913,-4.72530648,4686.092229
13-Jun-25,0,17.3883032,25.76225193,32.305935,,9,13.91635691,0,-1.93528771,4699.118359
20-Jun-25,0,59.96021649,62.16802288,21.05504119,,-5,29.1899199,1.57316613,-1.2655643,4753.73762
27-Jun-25,0,18.11995533,16.04425452,2.26009318,,-2,18.74902636,203.6031654,12.05926237,4872.316594
30-Jun-25,0,16.3024061,4.63107808,0,,0,19.67889509,0,-0.743400601,4676.300974
4-Jul-25,0,1.28747733,38.14275271,2.63,,14.5,4.171911376,17.81347515,-3.16914218,4684.413109
11-Jul-25,0,25.69337083,17.71150296,4.0041784,,25,20.56488022,0.34868092,-4.45540768,4686.359869
18-Jul-25,0,29.22481649,31.08837248,11.69890197,,16,35.53369194,9.83563913,-14.73498138,4700.038114
25-Jul-25,0,5.14404227,37.01421964,0,,10,11.14398234,4.04290097,-1.9858813,4718.991107
31-Jul-25,0,10.01619969,199.8705297,2.49584591,,9,73.37077028,0,5.602796531,4840.903871
1-Aug-25,0,7.715637344,0.33056321,0.13207162,,0,14.7978993,0,3.90400072,4830.04968
8-Aug-25,0,72.43897822,7.750493,0.17117851,,0,13.94818681,0,-0.911013525,4889.634193
15-Aug-25,0,70.39333926,33.25706103,1.507253,,0,8.936137587,8.25631112,-2.36495571,4946.746241
22-Aug-25,0,31.52484444,13.69307999,12.44670276,,0,17.94529046,0,-1.470971859,4974.193743
29-Aug-25,0,45.54339524,6.51919251,0,,0,4.662576678,0,-51.94759917,5067.025801
5-Sep-25,0,185.7738631,4.41941292,14.16935296,,10,0.324717709,0.71869709,74.21468287,5186.130332
12-Sep-25,0,158.4524819,32.82858525,13.28366137,,22,0.231494208,0,272.1388021,5080.192094
19-Sep-25,0,56.93047393,16.80079471,41,,15,14.71369161,8.89080114,6.321631,5149.997239
26-Sep-25,0,14.88853867,4.63173462,18.08468268,,17,43.71766467,0,-0.41573489,5127.300266
30-Sep-25,0,24.49573678,5.12761667,0,,0,14.25080371,7.15293437,0,5127.300266
3-Oct-25,0,38.5306441,1.28740947,23.9049746,,19.5,7.25419807,0.25009345,4.01382492,5171.742633
10-Oct-25,0,50.61987684,36.14237508,4,,10,39.56788488,0,-3.83981508,5216.809149
17-Oct-25,0,28.77057069,36.33071942,0,,10,37.53722184,3.032723124,17.00514567,5214.335094
24-Oct-25,0,16.65541954,5.90512335,0,,0,19.40768476,0,4.717025966,5212.818245
31-Oct-25,0,19.19290913,47.97385278,11.48876198,,0,32.07515115,17.94480631,16.63004993,5224.775505
