Date,Lending_Margin,Average_Lending_Rate,Weighted_Interbank_Rate,BoZ_Policy_Rate
13-Apr-12,7,23.25223106,8.06,16.25223106
20-Apr-12,7,22.86585895,8.48,15.86585895
27-Apr-12,7,22.84957637,8.376224157,15.84957637
4-May-12,7,22.85454555,8.226004818,15.85454555
11-May-12,7,19.22433292,7.77,12.22433292
18-May-12,7,19.2529095,7.82,12.2529095
25-May-12,7,19.2529095,7.432692308,12.2529095
1-Jun-12,7,19.26145607,7.36,12.26145607
8-Jun-12,7,19.28217864,7.2,12.28217864
15-Jun-12,7,19.28220453,7.655813953,12.28220453
22-Jun-12,7,19.27036436,8.640449438,12.27036436
29-Jun-12,7,16.60895533,8.640449438,9.608955331
6-Jul-12,7,16.60507802,9.791521739,9.605078021
13-Jul-12,7,16.62522603,7.655813953,9.625226025
20-Jul-12,7,16.61687305,9.63,9.616873054
27-Jul-12,7,16.61522283,9.362962963,9.615222833
3-Aug-12,7,16.6167235,8.74517134,9.616723496
10-Aug-12,7,16.6167235,8.74517134,9.616723496
17-Aug-12,7,16.61481449,8.74517134,9.614814494
24-Aug-12,7,16.61435602,8.74517134,9.614356024
31-Aug-12,7,16.61078351,8.74517134,9.610783514
7-Sep-12,7,16.12680354,7.113333333,9.126803541
14-Sep-12,7,16.12231085,7.11,9.122310846
21-Sep-12,7,16.79305996,7.970754717,9.793059963
28-Sep-12,7,16.12114041,8.106818182,9.121140409
5-Oct-12,7,16.12680354,7.113333333,9.126803541
12-Oct-12,7,16.12231085,7.11,9.122310846
19-Oct-12,7,16.79305996,7.970754717,9.793059963
26-Oct-12,7,16.12114041,8.106818182,9.121140409
2-Nov-12,7,16.12114041,8.661058601,9.121140409
9-Nov-12,7,16.14021488,8.848939641,9.140214877
16-Nov-12,7,16.14021488,9.139066496,9.140214877
23-Nov-12,7,16.14424809,8.989208633,9.144248091
30-Nov-12,7,16.14372211,8.989208633,9.143722112
7-Dec-12,7,16.14021488,8.848939641,9.140214877
14-Dec-12,7,16.14021488,8.848939641,9.140214877
21-Dec-12,7,16.14021488,8.848939641,9.140214877
28-Dec-12,7,16.14767527,8.848939641,9.147675271
4-Jan-13,7,16.25,9.683529412,9.25
11-Jan-13,7,16.25,7.298275862,9.25
18-Jan-13,7,16.25,7.48,9.25
25-Jan-13,7,16.25,7.570873786,9.25
1-Feb-13,7,16.25,7.5914602,9.25
8-Feb-13,7,16.25,7.5914602,9.25
15-Feb-13,7,16.25,7.5914602,9.25
22-Feb-13,7,16.25,7.5914602,9.25
1-Mar-13,7,16.25,7.5914602,9.25
8-Mar-13,6.754033333,16.00403333,9.380609493,9.25
15-Mar-13,6.592777778,15.84277778,10.35213777,9.25
22-Mar-13,6.816410893,16.06641089,9.943693694,9.25
29-Mar-13,6.902631579,16.15263158,9.397222222,9.25
5-Apr-13,7,16.25,9.587755102,9.25
12-Apr-13,7,16.25,10.07830092,9.25
19-Apr-13,7,16.25,10.11796875,9.25
26-Apr-13,7,16.25,10.00502302,9.25
3-May-13,6.708230484,15.95823048,9.84,9.25
10-May-13,6.841666667,16.09166667,10.1,9.25
17-May-13,6.818363501,16.0683635,10.99,9.25
24-May-13,6.813489186,16.06348919,11.73,9.25
31-May-13,6.685740741,15.93574074,11.22,9.25
7-Jun-13,6.840717354,16.34071735,9.685885167,9.5
14-Jun-13,6.810401565,16.31040156,10.12579564,9.5
21-Jun-13,6.872415789,16.37241579,10.82,9.5
28-Jun-13,6.713157895,16.21315789,11.14,9.5
5-Jul-13,6.736272738,16.48627274,11.18,9.75
12-Jul-13,6.659956949,16.40995695,10.62,9.75
19-Jul-13,6.688378002,16.438378,11.5,9.75
26-Jul-13,6.668904317,16.41890432,11.2,9.75
2-Aug-13,6.677202522,16.42720252,9.46,9.75
9-Aug-13,6.556478257,16.30647826,9.53,9.75
16-Aug-13,6.556478257,16.30647826,9.86,9.75
23-Aug-13,6.632453085,16.38245309,8.940223653,9.75
30-Aug-13,6.632453085,16.38245309,11.04517705,9.75
6-Sep-13,6.647028224,16.39702822,10.3685567,9.75
13-Sep-13,6.6305172,16.3805172,10.3685567,9.75
20-Sep-13,6.405933521,16.15593352,9.29,9.75
27-Sep-13,6.666060743,16.41606074,9.69,9.75
4-Oct-13,6.6305172,16.3805172,9.9,9.75
11-Oct-13,6.342699316,16.09269932,9.52,9.75
18-Oct-13,6.699437917,16.44943792,9.46,9.75
25-Oct-13,6.638495548,16.38849555,9.564002732,9.75
1-Nov-13,6.505282569,16.25528257,9.317857143,9.75
8-Nov-13,6.562482751,16.31248275,9.587876588,9.75
15-Nov-13,6.554974274,16.30497427,9.60411985,9.75
22-Nov-13,6.511844888,16.26184489,9.940035587,9.75
29-Nov-13,6.270004123,16.02000412,9.801025641,9.75
6-Dec-13,6.270004123,16.02000412,9.81,9.75
13-Dec-13,6.917676435,16.66767644,9.71,9.75
20-Dec-13,6.894247059,16.64424706,10.09,9.75
27-Dec-13,6.643685403,16.3936854,10.14,9.75
3-Jan-14,6.808228947,16.55822895,10.20967742,9.75
10-Jan-14,6.660526316,16.41052632,10.27707065,9.75
17-Jan-14,6.675071053,16.42507105,10.30142379,9.75
24-Jan-14,6.654544737,16.40454474,9.587248322,9.75
31-Jan-14,6.654544737,16.40454474,9.951530612,9.75
7-Feb-14,6.844325978,16.59432598,9.546610169,9.75
14-Feb-14,6.748841653,16.49884165,10.04320988,9.75
21-Feb-14,6.541328012,16.29132801,10.08,9.75
28-Feb-14,6.88014195,17.13014195,10.29,10.25
7-Mar-14,6.691919518,16.94191952,10.04320988,10.25
14-Mar-14,6.662924781,16.91292478,11.89,10.25
21-Mar-14,6.746303729,16.99630373,10.29,10.25
28-Mar-14,6.705777413,16.95577741,15.62,10.25
4-Apr-14,6.787478511,18.78747851,15.89495124,12
11-Apr-14,6.6719563,18.6719563,16.64313674,12
18-Apr-14,6.639057458,18.63905746,16.83556497,12
25-Apr-14,6.751421774,18.75142177,17.64292779,12
2-May-14,6.75153809,18.75153809,17.95199377,12
9-May-14,6.2041,18.2041,16.34756098,12
16-May-14,6.185162597,18.1851626,16.70954545,12
23-May-14,5.898091921,17.89809192,17.58567868,12
30-May-14,6.275020492,18.27502049,20.12933754,12
6-Jun-14,6.187909966,18.18790997,20.12933754,12
13-Jun-14,6.415241545,18.41524154,23.16,12
20-Jun-14,6.925515229,18.92551523,24.95,12
27-Jun-14,7.099862597,19.0998626,23.44,12
4-Jul-14,7.109653095,19.1096531,25.05913978,12
11-Jul-14,7.113468885,19.11346888,24.98091106,12
18-Jul-14,6.866799054,18.86679905,23.27676056,12
25-Jul-14,7.083684211,19.08368421,17.60103795,12
1-Aug-14,7.987437431,19.98743743,14.67751783,12
8-Aug-14,7.920384799,19.9203848,14.51,12
15-Aug-14,7.939374054,19.93937405,14.07,12
22-Aug-14,7.960712472,19.96071247,15,12
29-Aug-14,6.994210526,18.99421053,12.91,12
5-Sep-14,7.195529001,19.195529,12.9,12
12-Sep-14,7.181660449,19.18166045,12.81491713,12
19-Sep-14,7.300526316,19.30052632,12.82653061,12
26-Sep-14,7.432218144,19.43221814,13.05,12
3-Oct-14,7.457368421,19.45736842,12.02,12
10-Oct-14,7.438606512,19.43860651,11.57,12
17-Oct-14,7.874736842,19.87473684,10.42627315,12
24-Oct-14,8.015263158,20.01526316,10.22100446,12
31-Oct-14,8.011052632,20.01105263,11.3375,12
7-Nov-14,8.167894737,20.66789474,11.63734491,12.5
14-Nov-14,7.991052632,20.49105263,11.3375,12.5
21-Nov-14,7.937894737,20.43789474,11.68738263,12.5
28-Nov-14,7.948421053,20.44842105,11.62753002,12.5
5-Dec-14,8.021367817,20.52136782,11.67,12.5
12-Dec-14,7.919525711,20.41952571,11.61,12.5
19-Dec-14,7.93847308,20.43847308,11.88,12.5
26-Dec-14,7.939262553,20.43926255,12,12.5
2-Jan-15,7.994420448,20.49442045,12,12.5
9-Jan-15,8.509662973,21.00966297,11.57,12.5
16-Jan-15,8.004842856,20.50484286,11.76,12.5
23-Jan-15,7.505594819,20.00559482,11.78,12.5
30-Jan-15,8.09155771,20.59155771,11.86,12.5
6-Feb-15,7.861259359,20.36125936,12.23,12.5
13-Feb-15,7.883663457,20.38366346,12,12.5
20-Feb-15,7.885017254,20.38501725,12.26,12.5
27-Feb-15,7.926251721,20.42625172,12.48,12.5
6-Mar-15,7.926514879,20.42651488,12.52,12.5
13-Mar-15,7.9038833,20.4038833,8.86,12.5
20-Mar-15,7.909672773,20.40967277,12.66,12.5
27-Mar-15,7.904935931,20.40493593,10.8,12.5
3-Apr-15,7.946374371,20.44637437,12.87415842,12.5
10-Apr-15,7.969374371,20.46937437,12.84565064,12.5
17-Apr-15,7.967269108,20.46726911,12.71066911,12.5
24-Apr-15,7.967269108,20.46726911,14.05297145,12.5
1-May-15,8.018642894,20.51864289,14.59609778,12.5
8-May-15,8.005642894,20.50564289,14.59609778,12.5
15-May-15,8.003906052,20.50390605,14.59609778,12.5
22-May-15,8.000526316,20.50052632,14.59609778,12.5
29-May-15,8.016315789,20.51631579,14.59609778,12.5
5-Jun-15,7.967894737,20.46789474,14.59609778,12.5
12-Jun-15,7.929609998,20.42961,14.6,12.5
19-Jun-15,7.964421019,20.46442102,14.59609778,12.5
26-Jun-15,7.731933569,20.23193357,14.6135,12.5
3-Jul-15,8.36216848,20.86216848,14.7695,12.5
10-Jul-15,8.37845648,20.87845648,14.8969,12.5
17-Jul-15,8.030341667,20.53034167,14.9383,12.5
24-Jul-15,8.18169052,20.68169052,14.7084,12.5
31-Jul-15,8.18169052,20.68169052,14.69,12.5
7-Aug-15,8.177578418,20.67757842,14.76,12.5
14-Aug-15,8.236758036,20.73675804,14.77216917,12.5
21-Aug-15,8.245944119,20.74594412,14.72920792,12.5
28-Aug-15,8.246454555,20.74645456,14.54961227,12.5
4-Sep-15,8.347571327,20.84757133,14.81061947,12.5
11-Sep-15,8.299868338,20.79986834,14.67318841,12.5
18-Sep-15,8.23252916,20.73252916,14.59545764,12.5
25-Sep-15,8.220734167,20.72073417,14.69333333,12.5
2-Oct-15,8.252729155,20.75272915,14.7490228,12.5
9-Oct-15,8.252685496,20.7526855,14.68818208,12.5
16-Oct-15,8.228719386,20.72871939,14.65330709,12.5
23-Oct-15,8.247273328,20.74727333,14.80137482,12.5
30-Oct-15,8.431472578,20.93147258,14.72298326,12.5
6-Nov-15,8.474438079,23.97443808,17.44409639,15.5
13-Nov-15,8.203361262,23.70336126,17.77865169,15.5
20-Nov-15,7.880539942,23.38053994,24.66857798,15.5
27-Nov-15,7.729390268,23.22939027,24.6954781,15.5
4-Dec-15,7.966315789,23.46631579,24.6954781,15.5
11-Dec-15,7.600401268,23.10040127,25.16328435,15.5
18-Dec-15,7.882677432,23.38267743,25.5,15.5
25-Dec-15,7.832540981,23.33254098,25.7379,15.5
1-Jan-16,10.29325555,25.79325555,26.08254398,15.5
8-Jan-16,10.21207439,25.71207439,26.14312394,15.5
15-Jan-16,10.35742408,25.85742408,26.34909281,15.5
22-Jan-16,10.38719413,25.88719413,26.62940431,15.5
29-Jan-16,10.41834439,25.91834439,26.62504094,15.5
5-Feb-16,10.40874255,25.90874255,26.6650017,15.5
12-Feb-16,10.11365732,25.61365732,26.89432458,15.5
19-Feb-16,10.65391897,26.15391897,27,15.5
26-Feb-16,10.85263556,26.35263556,27.50886525,15.5
4-Mar-16,10.97037701,26.47037701,27.36914875,15.5
11-Mar-16,10.605698,26.105698,27.08571059,15.5
18-Mar-16,10.90561421,26.40561421,26.99,15.5
25-Mar-16,11.40022635,26.90022635,27.27,15.5
1-Apr-16,11.48250165,26.98250165,27.41842262,15.5
8-Apr-16,12.15651926,28.6,28.6,15.5
15-Apr-16,11.01747035,28.6,28.15,15.5
22-Apr-16,11.11736029,26.61736029,26.31,15.5
29-Apr-16,11.40427197,26.90427197,25.92,15.5
6-May-16,11.92212153,27.42212153,24.91,15.5
13-May-16,11.9197531,27.4197531,22.51,15.5
20-May-16,13.17238642,28.67238642,17.7,15.5
27-May-16,12.97863078,28.47863078,17.59,15.5
3-Jun-16,12.98231499,28.48231499,17.79230769,15.5
10-Jun-16,12.97779493,28.47779493,17.79230769,15.5
17-Jun-16,13.23870283,28.73870283,17.66018685,15.5
24-Jun-16,13.16404987,28.66404987,17.6926711,15.5
1-Jul-16,13.13823511,28.63823511,17.51616874,15.5
8-Jul-16,12.66784084,28.16784084,17.71216216,15.5
15-Jul-16,13.68,29.78,17.81,15.5
22-Jul-16,13.61,29.11,17.85,15.5
29-Jul-16,13.71639041,29.21639041,18,15.5
5-Aug-16,13.6858632,29.1858632,18.17,15.5
12-Aug-16,13.46102934,28.96102934,18.18309599,15.5
19-Aug-16,12.82151549,28.32151549,18.17279793,15.5
26-Aug-16,13.19916049,28.69916049,18.2452426,15.5
2-Sep-16,13.50173547,29.00173547,18.495,15.5
9-Sep-16,13.51797327,29.01797327,18.17580416,15.5
16-Sep-16,13.68521717,29.18521717,18.17580416,15.5
23-Sep-16,12.5625629,28.0625629,16.5246832,15.5
30-Sep-16,13.82766932,29.32766932,16.39281818,15.5
7-Oct-16,13.03548822,28.53548822,16.40242111,15.5
14-Oct-16,13.0851624,28.5851624,17.55028974,15.5
21-Oct-16,12.97911543,28.47911543,16.36284153,15.5
28-Oct-16,13.61947529,29.11947529,16.53050112,15.5
4-Nov-16,13.69629986,29.19629986,16.60983607,15.5
11-Nov-16,13.9115512,29.4115512,16.50757737,15.5
18-Nov-16,13.96551122,29.46551122,16.50757737,15.5
25-Nov-16,13.93213087,29.43213087,16.50757737,15.5
2-Dec-16,14.01934282,29.51934282,16.50757737,15.5
9-Dec-16,13.99696049,29.49696049,16.12,15.5
16-Dec-16,13.77575039,29.27575039,16.12,15.5
23-Dec-16,14.03012746,29.53012746,16.12,15.5
30-Dec-16,13.98975236,29.48975236,16.12,15.5
6-Jan-17,13.90975942,29.40975942,16.12,15.5
13-Jan-17,13.71300266,29.21300266,16.12,15.5
20-Jan-17,13.55003476,29.05003476,16.12,15.5
27-Jan-17,13.80122083,29.30122083,15.13481393,15.5
3-Feb-17,13.52629378,29.02629378,15.16379155,15.5
10-Feb-17,13.80430609,29.30430609,15.37802977,15.5
17-Feb-17,13.84516426,29.34516426,15.34075356,15.5
24-Feb-17,14.07858065,28.07858065,15.48440431,14
3-Mar-17,14.53385113,28.53385113,15.55833333,14
10-Mar-17,14.98330918,28.98330918,15.05070994,14
17-Mar-17,14.9922741,28.9922741,13.46299484,14
24-Mar-17,14.75521736,28.75521736,13.35118012,14
31-Mar-17,14.54780567,28.54780567,13.02753623,14
7-Apr-17,14.30610103,28.30610103,13.08180656,14
14-Apr-17,14.29868637,28.29868637,13.6305122,14
21-Apr-17,14.27908117,28.27908117,13.70641026,14
28-Apr-17,13.86940004,27.86940004,13.65844646,14
5-May-17,14.28356339,28.28356339,13.90767123,14
12-May-17,14.28670087,28.28670087,13.88618307,14
19-May-17,14.40650731,28.40650731,13.88618307,14
26-May-17,15.31103975,27.81103975,13.88618307,12.5
2-Jun-17,14.61246915,27.11246915,13.03241107,12.5
9-Jun-17,14.57800838,27.07800838,12.6433121,12.5
16-Jun-17,14.12265108,26.62265108,10.38653846,12.5
23-Jun-17,14.08412654,26.58412654,11.88135593,12.5
30-Jun-17,14.01768858,26.51768858,12.21177515,12.5
7-Jul-17,14.11746551,26.61746551,12.26813806,12.5
14-Jul-17,12.45,26.48894189,12.45,12.5
21-Jul-17,12.45,26.42538434,12.16,12.5
28-Jul-17,12.45,25.97002723,12.33,12.5
4-Aug-17,12.45,26.19797597,12.31,12.5
11-Aug-17,12.45,26.17100984,12.2,12.5
18-Aug-17,12.45,26.70079343,11.74,12.5
25-Aug-17,14.67831429,27.17831429,11.73555018,11
1-Sep-17,13.64705879,24.64705879,10.43506494,11
8-Sep-17,14.1210039,25.1210039,10.52,11
15-Sep-17,14.76557056,25.76557056,10.50208333,11
22-Sep-17,14.83468053,25.83468053,10.50208333,11
29-Sep-17,14.68662542,25.68662542,10.53403141,11
6-Oct-17,14.50226246,25.50226246,10.53403141,11
13-Oct-17,14.5895154,25.5895154,10.53403141,11
20-Oct-17,14.58366654,25.58366654,10.48606557,11
27-Oct-17,13.97249675,24.97249675,10.48606557,11
3-Nov-17,14.45613657,25.45613657,10.61505556,11
10-Nov-17,14.56839584,25.56839584,10.70290482,11
17-Nov-17,14.53356228,25.53356228,10.70290482,10.25
24-Nov-17,14.56688346,25.56688346,12.16,10.25
1-Dec-17,14.338676,24.588676,10.53396739,10.25
8-Dec-17,14.27819538,24.52819538,9.836507937,10.25
15-Dec-17,14.27418839,24.52418839,9.874264706,10.25
22-Dec-17,14.34893032,24.59893032,10.07578125,10.25
29-Dec-17,14.35301413,24.60301413,10.23974138,10.25
5-Jan-18,14.31031315,24.56031315,9.945034247,10.25
12-Jan-18,14.32546202,24.57546202,9.93,10.25
19-Jan-18,14.23460092,24.48460092,10.32411765,10.25
26-Jan-18,14.19527075,24.44527075,10.38085938,10.25
2-Feb-18,14.16478073,24.41478073,10.19449125,10.25
9-Feb-18,14.13514648,24.38514648,10.21867666,10.25
16-Feb-18,14.09781913,24.34781913,10.21867666,10.25
23-Feb-18,14.18343638,23.93343638,10.37997812,9.75
2-Mar-18,14.31334842,24.06334842,10.37665428,9.75
9-Mar-18,14.35401148,24.10401148,9.926666667,9.75
16-Mar-18,14.34375302,24.09375302,10.40300752,9.75
23-Mar-18,14.36916676,24.11916676,8.584122288,9.75
30-Mar-18,14.40605813,24.15605813,8.584122288,9.75
6-Apr-18,14.14535973,23.89535973,8.935064935,9.75
13-Apr-18,14.33751903,24.08751903,9.013702624,9.75
20-Apr-18,14.44628147,24.19628147,9.212962963,9.75
27-Apr-18,14.40677376,24.15677376,9.416257669,9.75
4-May-18,14.3225822,24.0725822,9.416257669,9.75
11-May-18,14.27964102,24.02964102,9.416257669,9.75
18-May-18,14.24800038,23.99800038,9.952315789,9.75
25-May-18,13.7861292,23.5361292,9.952315789,9.75
1-Jun-18,14.13819457,23.88819457,9.952315789,9.75
8-Jun-18,13.87705751,23.62705751,9.952315789,9.75
15-Jun-18,14.56429601,24.31429601,9.952315789,9.75
22-Jun-18,14.67132074,24.42132074,9.9,9.75
29-Jun-18,14.65702907,24.40702907,9.859858445,9.75
6-Jul-18,14.59353409,24.34353409,9.867792869,9.75
13-Jul-18,13.61991379,23.36991379,9.938146036,9.75
20-Jul-18,13.79263717,23.54263717,9.938146036,9.75
27-Jul-18,13.79770632,23.54770632,9.962727273,9.75
3-Aug-18,13.67877465,23.42877465,9.962727273,9.75
10-Aug-18,13.6445234,23.3945234,9.962727273,9.75
17-Aug-18,13.74656861,23.49656861,9.962727273,9.75
24-Aug-18,13.70238601,23.45238601,9.962727273,9.75
31-Aug-18,13.77454032,23.52454032,9.962727273,9.75
7-Sep-18,10.43945763,20.18945763,9.962727273,9.75
14-Sep-18,13.85637923,23.60637923,9.962727273,9.75
21-Sep-18,14.6978396,24.4478396,9.962727273,9.75
28-Sep-18,13.93590418,23.68590418,9.962727273,9.75
5-Oct-18,13.99146433,23.74146433,9.962727273,9.75
12-Oct-18,14.89189146,24.64189146,9.962727273,9.75
19-Oct-18,14.78121441,24.53121441,9.543005181,9.75
26-Oct-18,14.85573485,24.60573485,9.629166667,9.75
2-Nov-18,14.78389905,24.53389905,9.809459816,9.75
9-Nov-18,14.73777499,24.48777499,9.809459816,9.75
16-Nov-18,14.04482873,23.79482873,9.809459816,9.75
23-Nov-18,13.93317332,23.68317332,9.809459816,9.75
30-Nov-18,13.59709861,23.34709861,9.84,9.75
7-Dec-18,13.59709861,23.34709861,9.84,9.75
14-Dec-18,13.8419828,23.5919828,9.850367647,9.75
21-Dec-18,13.92178231,23.67178231,9.809459816,9.75
28-Dec-18,13.87644111,23.62644111,9.870277778,9.75
4-Jan-19,13.9556509,23.7056509,9.870277778,9.75
11-Jan-19,13.90909794,23.65909794,9.870277778,9.75
18-Jan-19,14.61871155,24.36871155,9.870277778,9.75
25-Jan-19,14.64489606,24.39489606,9.870277778,9.75
1-Feb-19,14.81624554,24.56624554,9.898,9.75
8-Feb-19,15.06705891,24.81705891,9.898,9.75
15-Feb-19,14.78301917,24.53301917,9.970724947,9.75
22-Feb-19,14.76501482,24.51501482,9.917272727,9.75
1-Mar-19,14.81895765,24.56895765,9.906642336,9.75
8-Mar-19,14.76131283,24.51131283,9.906642336,9.75
15-Mar-19,14.84816743,24.59816743,9.906642336,9.75
22-Mar-19,14.885912,24.635912,9.906642336,9.75
29-Mar-19,14.86355831,24.61355831,9.906642336,9.75
5-Apr-19,14.75715864,24.50715864,9.906642336,9.75
12-Apr-19,14.90667485,24.65667485,9.906642336,9.75
19-Apr-19,14.76243554,24.51243554,9.906642336,9.75
26-Apr-19,14.91311433,24.66311433,9.906642336,9.75
3-May-19,14.90891191,24.65891191,9.9,9.75
10-May-19,14.88343143,24.63343143,9.9,9.75
17-May-19,15.0137024,24.7637024,9.905,9.75
24-May-19,15.21136776,25.46136776,9.905,10.25
31-May-19,15.2927714,25.0427714,9.905,10.25
7-Jun-19,14.93270772,25.18270772,10.18592027,10.25
14-Jun-19,14.65690058,24.90690058,10.22824066,10.25
21-Jun-19,14.96519739,25.21519739,10.30593066,10.25
28-Jun-19,15.9052828,26.1552828,10.3,10.25
5-Jul-19,14.96276579,25.21276579,9.905,10.25
12-Jul-19,15.13121421,25.38121421,10.31038922,10.25
19-Jul-19,15.13640088,25.38640088,10.31038922,10.25
26-Jul-19,15.06322775,25.31322775,10.49074074,10.25
2-Aug-19,15.18022453,25.43022453,10.37878788,10.25
9-Aug-19,15.67942083,25.92942083,10.40064687,10.25
16-Aug-19,15.80840597,26.05840597,10.62592593,10.25
23-Aug-19,15.7146043,25.9646043,11.04936709,10.25
30-Aug-19,15.56959834,25.81959834,10.81582278,10.25
6-Sep-19,15.61434909,25.86434909,11.25421053,10.25
13-Sep-19,15.75629401,26.00629401,11.23031447,10.25
20-Sep-19,15.99898131,26.24898131,11.05576923,10.25
27-Sep-19,16.09263837,26.34263837,11.28567568,10.25
4-Oct-19,16.10205005,26.35205005,10.72197309,10.25
11-Oct-19,16.34809326,26.59809326,10.46716418,10.25
18-Oct-19,16.57780516,26.82780516,10.42666667,10.25
25-Oct-19,16.5761053,26.8261053,10.80076923,10.25
1-Nov-19,16.75930675,27.00930675,10.67310127,10.25
8-Nov-19,16.74776835,26.99776835,10.69749071,10.25
15-Nov-19,16.73361563,26.98361563,10.96510511,10.25
22-Nov-19,16.67665557,26.92665557,12.34230769,11.5
29-Nov-19,16.65288271,28.15288271,10.7,11.5
6-Dec-19,16.37160706,27.87160706,10.7,11.5
13-Dec-19,16.52099562,28.02099562,10.7,11.5
20-Dec-19,16.66699112,28.16699112,10.7,11.5
27-Dec-19,16.52625075,28.02625075,10.7,11.5
3-Jan-20,16.54143947,28.04143947,10.7,11.5
10-Jan-20,16.59856352,28.09856352,10.7,11.5
17-Jan-20,16.8759194,28.3759194,10.7,11.5
24-Jan-20,16.80202572,28.30202572,10.7,11.5
31-Jan-20,16.84259459,28.34259459,10.7,11.5
7-Feb-20,16.81748313,28.31748313,10.7,11.5
14-Feb-20,16.77805264,28.27805264,10.7,11.5
21-Feb-20,16.89116817,28.39116817,12.53290625,11.5
28-Feb-20,16.89941873,28.39941873,12.53518788,11.5
6-Mar-20,16.88471043,28.38471043,12.53518788,11.5
13-Mar-20,17.0546176,28.5546176,12.53518788,11.5
20-Mar-20,17.05665494,28.55665494,12.53518788,11.5
27-Mar-20,18.01020454,29.51020454,12.53518788,11.5
3-Apr-20,16.87359454,28.37359454,12.53518788,11.5
10-Apr-20,16.98365008,28.48365008,12.53518788,11.5
17-Apr-20,17.05127381,28.55127381,12.53518788,11.5
24-Apr-20,16.61367986,28.11367986,12.53518788,11.5
30-Apr-20,16.11178129,27.61178129,12.53518788,11.5
8-May-20,17.14299539,28.64299539,12.53518788,11.5
15-May-20,16.93620838,28.43620838,12.53518788,9.25
22-May-20,16.87858701,28.37858701,12.53518788,9.25
29-May-20,17.04621264,26.29621264,12.53518788,9.25
5-Jun-20,17.54750071,26.79750071,12.53518788,9.25
12-Jun-20,17.49541325,26.74541325,12.53518788,9.25
19-Jun-20,16.78709896,26.03709896,12.53518788,9.25
26-Jun-20,16.69416373,25.94416373,12.53518788,9.25
3-Jul-20,16.53967794,25.78967794,8.9768,9.25
10-Jul-20,16.7206673,25.9706673,9,9.25
17-Jul-20,16.37612411,25.62612411,9,9.25
24-Jul-20,16.63697596,25.88697596,9,9.25
31-Jul-20,16.64295581,25.89295581,8.985768143,9.25
7-Aug-20,17.59042401,26.84042401,8.614750468,9.25
14-Aug-20,17.6243426,26.8743426,8.55532382,9.25
21-Aug-20,17.56477931,25.56477931,8.338571429,8
28-Aug-20,17.73510488,25.73510488,8.244666667,8
4-Sep-20,17.76529838,25.76529838,8.244666667,8
11-Sep-20,17.78153853,25.78153853,8.253333333,8
18-Sep-20,17.62628103,25.62628103,8.284375,8
25-Sep-20,17.68842916,25.68842916,8.208516949,8
2-Oct-20,17.70764742,25.70764742,8.208516949,8
9-Oct-20,17.78153853,25.78153853,8.253333333,8
16-Oct-20,17.30807278,25.30807278,8.001459854,8
23-Oct-20,16.55148854,24.55148854,7.93912,8
30-Oct-20,17.25901784,25.25901784,7.916542751,8
6-Nov-20,16.31257394,24.31257394,8.003875969,8
13-Nov-20,17.06790581,25.06790581,7.974,8
20-Nov-20,17.28280245,25.28280245,8.023030303,8
27-Nov-20,16.81729251,24.81729251,8.168219895,8
4-Dec-20,16.21925827,24.21925827,8.168219895,8
11-Dec-20,17.42800699,25.42800699,8.105823293,8
18-Dec-20,17.54251153,25.54251153,8.105823293,8
24-Dec-20,17.44179635,25.44179635,8.130034669,8
31-Dec-20,16.7998467,24.7998467,8.168944637,8
8-Jan-21,17.05401363,25.05401363,8.168944637,8
15-Jan-21,17.55076476,25.55076476,8.322883436,8
22-Jan-21,17.0324526,25.0324526,8.421846435,8
29-Jan-21,17.0324526,25.0324526,8.421846435,8
5-Feb-21,17.49024406,25.49024406,8.425581395,8
12-Feb-21,16.98016895,24.98016895,8.413253012,8
19-Feb-21,17.55188291,26.05188291,8.443889855,8.5
26-Feb-21,17.51262365,26.01262365,8.443889855,8.5
5-Mar-21,17.33445872,25.83445872,8.576631579,8.5
11-Mar-21,17.44745655,25.94745655,8.566546053,8.5
19-Mar-21,17.44714071,25.94714071,8.571333333,8.5
26-Mar-21,17.66949473,26.16949473,8.561578947,8.5
2-Apr-21,17.80382632,26.30382632,8.592734226,8.5
9-Apr-21,17.78381098,26.28381098,8.624626866,8.5
16-Apr-21,17.95817158,26.45817158,8.605056818,8.5
23-Apr-21,17.22143747,25.72143747,8.6,8.5
30-Apr-21,18.11371326,26.61371326,8.608964451,8.5
7-May-21,17.9099056,26.4099056,8.61751938,8.5
14-May-21,17.73685307,26.23685307,8.600598802,8.5
21-May-21,17.6585931,26.1585931,8.595424528,8.5
28-May-21,17.47166787,25.97166787,8.6,8.5
4-Jun-21,17.4114124,25.9114124,8.6,8.5
11-Jun-21,15.60221641,24.10221641,8.6,8.5
18-Jun-21,14.86230888,23.36230888,8.6,8.5
25-Jun-21,17.41158647,25.91158647,8.6,8.5
2-Jul-21,16.53689571,25.03689571,8.617983193,8.5
9-Jul-21,15.11508966,23.61508966,8.617983193,8.5
16-Jul-21,15.55054017,24.05054017,8.617983193,8.5
23-Jul-21,17.35588091,25.85588091,8.617983193,8.5
30-Jul-21,17.3204516,25.8204516,8.529103535,8.5
6-Aug-21,16.66181639,25.16181639,8.529103535,8.5
11-Aug-21,17.35036653,25.85036653,8.529103535,8.5
20-Aug-21,17.37184749,25.87184749,8.501923077,8.5
27-Aug-21,17.34240356,25.84240356,8.5,8.5
3-Sep-21,17.37061764,25.87061764,8.5,8.5
10-Sep-21,17.39901851,25.89901851,7.785714286,8.5
17-Sep-21,17.43883301,25.93883301,7.785714286,8.5
24-Sep-21,17.45813277,25.95813277,7.637714286,8.5
1-Oct-21,17.34515,25.84515,7.637714286,8.5
8-Oct-21,17.44504707,25.94504707,7.637714286,8.5
15-Oct-21,17.44438411,25.94438411,7.637714286,8.5
22-Oct-21,17.44909087,25.94909087,7.637714286,8.5
29-Oct-21,17.29548099,25.79548099,7.637714286,8.5
5-Nov-21,17.29548099,25.79548099,7.637714286,8.5
12-Nov-21,17.29548099,25.79548099,7.637714286,8.5
19-Nov-21,17.04439509,25.54439509,7.637714286,8.5
26-Nov-21,17.02897116,26.02897116,7.637714286,9
3-Dec-21,17.02577002,26.02897116,7.637714286,9
10-Dec-21,17.04506354,26.04506354,7.637714286,9
17-Dec-21,16.7171188,25.7171188,7.637714286,9
24-Dec-21,16.87014862,25.87014862,7.637714286,9
31-Dec-21,16.86026714,25.86026714,7.637714286,9
7-Jan-22,16.71625052,25.71625052,7.637714286,9
14-Jan-22,16.73085601,25.73085601,7.637714286,9
21-Jan-22,16.7373736,25.7373736,7.637714286,9
28-Jan-22,16.75618512,25.75618512,8.968210863,9
4-Feb-22,16.7373736,25.7373736,7.637714286,9
11-Feb-22,16.75618512,25.75618512,8.968210863,9
18-Feb-22,16.71146075,25.71146075,8.968210863,9
25-Feb-22,16.79938766,25.79938766,8.968210863,9
4-Mar-22,16.58692154,25.58692154,8.844117647,9
11-Mar-22,16.70568723,25.70568723,9,9
18-Mar-22,16.51164657,25.51164657,8.959943182,9
25-Mar-22,16.60421363,25.60421363,8.959943182,9
1-Apr-22,16.49365766,25.49365766,8.959943182,9
8-Apr-22,16.42221035,25.42221035,8.959943182,9
15-Apr-22,15.98840467,24.98840467,9,9
22-Apr-22,15.78575062,24.78575062,9,9
29-Apr-22,16.4640998,25.4640998,9,9
6-May-22,16.25824069,25.25824069,9,9
13-May-22,16.24134635,25.24134635,9,9
20-May-22,16.28487558,25.28487558,9,9
27-May-22,16.2008244,25.2008244,9,9
3-Jun-22,16.22064831,25.22064831,9,9
10-Jun-22,16.14245489,25.14245489,9,9
17-Jun-22,16.13638278,25.13638278,9,9
24-Jun-22,15.52389726,24.52389726,9,9
1-Jul-22,16.13915192,25.13915192,9,9
8-Jul-22,16.07890493,25.07890493,9,9
15-Jul-22,16.14677281,25.14677281,9,9
22-Jul-22,16.17184439,25.17184439,9,9
29-Jul-22,16.20400996,25.20400996,9,9
5-Aug-22,16.06,25.06,9,9
12-Aug-22,16.22,25.22,9,9
19-Aug-22,16.18527958,25.18527958,9,9
26-Aug-22,15.76480051,24.76480051,9,9
2-Sep-22,15.87011988,24.87011988,9,9
9-Sep-22,16.06403132,25.06403132,9,9
16-Sep-22,16.11048976,25.11048976,9,9
23-Sep-22,16.25,25.25,9,9
30-Sep-22,16.23610599,25.23610599,9,9
7-Oct-22,16.06570595,25.06570595,9,9
14-Oct-22,16.1342546,25.1342546,9,9
21-Oct-22,16.14176707,25.14176707,9,9
28-Oct-22,16.10624042,25.10624042,9,9
4-Nov-22,16.07845081,25.07845081,9,9
11-Nov-22,16.11476067,25.11476067,8.743169399,9
18-Nov-22,15.2040996,24.2040996,9,9
25-Nov-22,15.45152583,24.45152583,8.797111417,9
2-Dec-22,15.68796039,24.68796039,8.877734878,9
9-Dec-22,16.07973914,25.07973914,9,9
16-Dec-22,15.50262175,24.50262175,9,9
23-Dec-22,16.30023484,25.30023484,9,9
30-Dec-22,16.32043055,25.32043055,9,9
6-Jan-23,16.22848819,25.22848819,9,9
13-Jan-23,16.28643328,25.28643328,9,9
20-Jan-23,16.194573,25.194573,9,9
27-Jan-23,16.22291302,25.22291302,9,9
3-Feb-23,16.22812435,25.22812435,9,9
10-Feb-23,16.07783861,25.07783861,9,9
17-Feb-23,16.03076986,25.28076986,9,9.25
24-Feb-23,16.14815449,25.39815449,9,9.25
3-Mar-23,16.00152673,25.25152673,9,9.25
10-Mar-23,16.24497781,25.49497781,9,9.25
17-Mar-23,16.38161974,25.63161974,9,9.25
24-Mar-23,16.64386641,25.89386641,9,9.25
31-Mar-23,15.87854972,25.12854972,9,9.25
7-Apr-23,16.50281508,25.75281508,9,9.25
14-Apr-23,15.91753377,25.16753377,9,9.25
21-Apr-23,15.74324729,24.99324729,9,9.25
28-Apr-23,16.7618417,26.0118417,9,9.25
5-May-23,16.81432145,26.06432145,9,9.25
12-May-23,15.92306756,25.17306756,9,9.25
19-May-23,16.75547987,26.00547987,9,9.5
26-May-23,16.47726896,25.72726896,9,9.5
2-Jun-23,16.22796187,25.72796187,9,9.5
9-Jun-23,16.24364098,25.74364098,9,9.5
16-Jun-23,16.25885511,25.75885511,9,9.5
23-Jun-23,16.2408898,25.7408898,9,9.5
30-Jun-23,16.23286432,25.73286432,9,9.5
7-Jul-23,16.30652057,25.80652057,9,9.5
14-Jul-23,16.36394599,25.86394599,9,9.5
21-Jul-23,16.28099085,25.78099085,9,9.5
28-Jul-23,16.19827993,25.69827993,9,9.5
4-Aug-23,16.19160983,25.69160983,9,9.5
11-Aug-23,16.27153511,25.77153511,9,9.5
18-Aug-23,16.14645493,25.64645493,9,9.5
25-Aug-23,15.55150602,25.55150602,9,10
1-Sep-23,15.67185972,25.67185972,9.943555556,10
8-Sep-23,15.77345961,25.77345961,10,10
15-Sep-23,15.95162419,25.95162419,9.779628148,10
22-Sep-23,15.91820661,25.91820661,9.88519,10
29-Sep-23,15.94121441,25.94121441,9.97,10
6-Oct-23,16.04316228,26.04316228,9.98,10
13-Oct-23,16.08381555,26.08381555,9.99,10
20-Oct-23,16.10645609,26.10645609,10,10
27-Oct-23,16.22537565,26.22537565,10,10
3-Nov-23,16.28537565,26.28537565,10,10
10-Nov-23,16.13822959,26.13822959,10,10
17-Nov-23,16.0942869,26.0942869,10,10
24-Nov-23,15.27377823,26.27377823,10,11
1-Dec-23,15.30630737,26.30630737,11.08,11
8-Dec-23,15.2900428,26.2900428,11.08,11
15-Dec-23,15.66161076,26.66161076,11.08,11
22-Dec-23,15.59543682,26.59543682,11.05,11
29-Dec-23,16.05,27.05,11.05,11
5-Jan-24,15.42408951,26.42408951,11,11
12-Jan-24,15.57773937,26.57773937,11,11
19-Jan-24,15.84170953,26.84170953,11,11
26-Jan-24,15.80457632,26.80457632,11,11
2-Feb-24,15.7578156,26.7578156,11.02,11
9-Feb-24,15.87899387,26.87899387,15.03,11
16-Feb-24,14.56881314,27.06881314,20.23,12.5
23-Feb-24,14.58911887,27.08911887,20.42,12.5
1-Mar-24,14.77602366,27.27602366,19.89,12.5
7-Mar-24,15.10327713,27.60327713,19.73,12.5
22-Mar-24,15.34601752,27.84601752,18.49,12.5
28-Mar-24,15.34601752,27.79556895,17.72,12.5
5-Apr-24,15.49594935,27.99594935,17.43,12.5
12-Apr-24,15.08768448,27.58768448,16.55,12.5
19-Apr-24,15.53811176,28.03811176,17.82,12.5
26-Apr-24,15.60720048,28.10720048,18.33,12.5
3-May-24,15.55454548,28.05454548,17.43,12.5
10-May-24,15.59178033,28.09178033,18.74,12.5
17-May-24,14.58320323,28.08320323,19.96,13.5
24-May-24,14.63670178,28.13670178,20.57,13.5
31-May-24,14.74330569,28.24330569,20.84,13.5
7-Jun-24,14.90951711,28.40951711,20.7,13.5
14-Jun-24,15.04049536,28.54049536,18.63785714,13.5
21-Jun-24,15.04447937,28.54447937,13.5,13.5
28-Jun-24,15.10250978,28.60250978,13.5,13.5
5-Jul-24,15.12252581,28.62252581,13.5,13.5
12-Jul-24,15.14584179,28.64584179,13.5,13.5
19-Jul-24,15.11750172,28.61750172,13.42,13.5
26-Jul-24,14.86815033,28.36815033,13.53174603,13.5
2-Aug-24,14.99217219,28.49217219,13.51,13.5
9-Aug-24,15.24462372,28.74462372,13.5,13.5
16-Aug-24,14.78063585,28.28063585,13.57,13.5
23-Aug-24,15.64598792,29.14598792,13.51,13.5
30-Aug-24,14.83982143,28.33982143,13.51,13.5
6-Sep-24,14.83982143,28.33982143,13.52,13.5
13-Sep-24,14.58170635,28.08170635,13.6,13.5
20-Sep-24,14.92301134,28.42301134,13.53,13.5
27-Sep-24,15.11322362,28.61322362,13.51,13.5
4-Oct-24,14.96616208,28.46616208,13.5,13.5
11-Oct-24,15.08155052,28.58155052,13.34,13.5
17-Oct-24,15.16805169,28.66805169,13.47,13.5
25-Oct-24,15.68863074,29.18863074,13.5,13.5
1-Nov-24,14.90444021,28.40444021,13.5,13.5
8-Nov-24,14.700326,28.200326,13.33,13.5
15-Nov-24,14.25488122,28.25488122,13.81,14
22-Nov-24,14.44146895,28.44146895,13.99,14
29-Nov-24,14.37642857,28.37642857,14,14
6-Dec-24,14.83982143,28.33982143,13.52,14
13-Dec-24,14.92158914,28.92158914,14,14
20-Dec-24,15.4807913,29.4807913,14,14
27-Dec-24,15.2479137,29.2479137,14.05,14
10-Jan-25,15.06643187,29.06643187,14,14
24-Jan-25,15.08024355,29.08024355,14,14
7-Feb-25,14.46063493,28.46063493,14,14
21-Feb-25,14.55048128,29.05048128,11.33,14.5
28-Feb-25,14.18062529,28.68062529,14.5,14.5
7-Mar-25,14.67194443,29.17194443,14.5,14.5
14-Mar-25,14.42018701,28.92018701,14.5,14.5
21-Mar-25,13.87593568,28.37593568,14.5,14.5
28-Mar-25,13.86758272,28.36758272,14.5,14.5
4-Apr-25,14.54109905,29.04109905,14.5,14.5
11-Apr-25,14.53306407,29.03306407,14.5,14.5
17-Apr-25,14.52853568,29.02853568,14.5,14.5
25-Apr-25,14.55006466,29.05006466,14.5,14.5
2-May-25,14.51472995,29.01472995,14.5,14.5
9-May-25,14.67233433,29.17233433,14.5,14.5
16-May-25,15.93,30.43,14.5,14.5
23-May-25,14.62950421,29.12950421,14.5,14.5
30-May-25,14.58331173,29.08331173,14.5,14.5
6-Jun-25,14.74585423,29.24585423,14.5,14.5
13-Jun-25,14.68613327,29.18613327,14.5,14.5
20-Jun-25,14.11825773,28.61825773,14.5,14.5
27-Jun-25,14.11825773,28.61825773,14.5,14.5
4-Jul-25,13.89667544,28.39667544,14.5,14.5
11-Jul-25,13.99681179,28.49681179,14.5,14.5
18-Jul-25,13.81569683,28.31569683,14.51,14.5
25-Jul-25,13.9916249,28.4916249,14.5,14.5
1-Aug-25,13.98332245,28.48332245,14.5,14.5
8-Aug-25,13.99680981,28.49680981,14.5,14.5
15-Aug-25,14.21511246,28.71511246,14.5,14.5
22-Aug-25,14.4039174,28.9039174,14.5,14.5
29-Aug-25,14.23658433,28.73658433,14.5,14.5
5-Sep-25,13.81457064,28.31457064,14.5,14.5
12-Sep-25,14.09560924,28.59560924,14.5,14.5
19-Sep-25,14.38414054,28.88414054,14.5,14.5
26-Sep-25,14.09141214,28.59141214,14.5,14.5
3-Oct-25,14.14935622,28.64935622,14.5,14.5
10-Oct-25,14.38559564,28.88559564,14.5,14.5
17-Oct-25,14.15,28.65,14.5,14.5
24-Oct-25,14.15,28.65,14.5,14.5
31-Oct-25,13.94,28.44,14.5,14.5
7-Nov-25,13.97067399,28.47067399,14.5,14.5
14-Nov-25,13.57250743,28.07250743,14.5,14.5
21-Nov-25,14.19516244,28.44516244,14.5,14.25
28-Nov-25,14.33702969,28.58702969,14.5,14.25
5-Dec-25,13.78,28.03,14.5,14.25
12-Dec-25,13.76510452,28.01510452,14.5,14.25
19-Dec-25,13.74,27.99,14.25,14.25
26-Dec-25,13.71645347,27.96645347,14.25,14.25
2-Jan-26,13.89,28.14,14.25,14.25
3-Jan-26,13.89670086,28.14670086,14.25,14.25
