Date,Currency_with_non_Bank,Kwacha_Demand_Deposits,Narrow_Money_M1,Narrow Money_Percentage_change_ Monthly,Narrow Money_Percentage_change_Annual,Time_and_Savings_Deposits,Forex_Demand_Deposits,Broad_Money_M2,Broad_Money_M2_Percentage_change_Monthly,,Other _Forex _Deposits,Broad_Money_M3,Broad_Money_M3_Percentage_change_Monthly,
1-Jan-03,410876,832018,1242929,-6.425326081,28.91113917,867897,1479772,3590598,2.145175042,29.49168528,92380,3682978,2.130103381,31.41442239
2-Feb-03,406217,832582,1238907,-0.323590487,30.61350786,873358,1481086,3593351,0.076672465,32.68385893,94921,3688272,0.143742374,34.97205062
6-Mar-03,412249,829468,1241863,0.238597409,35.19499755,887398,1439600,3568861,-0.681536538,33.85653722,92214,3661075,-0.737391385,36.03493613
7-Apr-03,433505.1896,903678.7514,1337273.941,7.682887801,42.52697692,857271.4697,1406097.2,3600642.611,0.890525314,35.98817484,87516.4,3688159.011,0.739783004,36.04113879
9-May-03,480518.1984,878198.6906,1358772.889,1.60766971,39.81006833,904014.4524,1416963.9,3679751.241,2.197069783,26.74165422,84724.7,3764475.941,2.069241879,26.42991425
10-Jun-03,481404.5587,934544.505,1416031.064,4.213962104,35.48571487,903536.0436,1477240.7,3796807.807,3.181099974,25.20416372,87200.1,3884007.907,3.17526178,24.69360721
12-Jul-03,513605.7034,877325,1391012.703,-1.76679459,27.04780731,911078,1428218.5,3730309.203,-1.751434552,22.3145059,108925,3839234.203,-1.152770665,22.69265901
13-Aug-03,530306,928140,1458497,4.85469212,30.06531691,954229,1408734,3821460,2.444699429,17.40437521,83450,3904910,1.711787538,16.91787123
14-Sep-03,528643,911180,1439856,-2.854671572,27.52069991,1007550,1524157,3971563,3.301431735,27.09751947,81291,4052854,3.176331469,25.71559702
16-Oct-03,539263,991088,1530412,6.289240035,22.93808802,986002,1448590,3965004,-0.165149086,17.74590904,94287,4059291,0.173730601,17.59465343
17-Nov-03,550386,982500,1532956,0.166229747,27.96579467,1032859,1428850,3994665,0.748069863,16.89703215,102298,4096963,0.928043838,16.47408137
19-Dec-03,592451,1103099,1695572,10.6080018,27.65218046,1153237,1491550,4340359,8.653892129,23.47434321,79473,4419832,7.880691136,22.56328957
1-Jan-04,558801,1124002,1682911,-0.746709665,35.39880395,1154169.926,1593564.7,4430645.626,2.082661826,23.39877647,85233,4515878.626,2.175535179,22.61486834
2-Feb-04,557383,1109943,1667434,-0.919656476,34.58911767,1155362.954,1601517.9,4424314.854,-0.142887644,23.12804956,96422,4520736.854,0.107573383,22.57059278
5-Mar-04,564016,1131125,1695195,1.664893483,36.50418766,1143398.658,1633534.1,4472127.758,1.079440189,25.31118472,145837,4617964.758,2.149465421,26.13833369
6-Apr-04,607054,1255130,1862260,9.855208398,39.25792936,1150780.974,1646978.9,4660019.874,4.201841517,29.42400854,173091,4833110.874,4.659313875,31.0460581
8-May-04,629397,1268153,1897654,1.900593902,39.65939528,1163480.818,1651260.5,4712395.318,1.12452619,28.06572213,218191,4930586.318,2.017385216,30.97947966
9-Jun-04,701501,1296193,1997849,5.27994039,41.08793594,1213219.432,1831210,5042278.432,7.001251989,32.80719636,204139,5246417.432,6.406444857,35.08141913
11-Jul-04,785430,1309161,2094717,4.848614685,50.5940061,1185960.77,1808484.1,5089161.87,0.929194115,36.4323006,266570,5355731.87,2.082978737,39.50485184
12-Aug-04,769033,1302336,2071511,-1.107834614,39.76232098,1192427.048,1858846,5122784.048,0.660956896,33.24869591,276451,5399235.048,0.812549549,37.45570679
13-Sep-04,734396,1274950,2009555,-2.990860295,39.56638719,1246001.239,1840065.3,5095621.539,-0.528916482,28.3079231,282256,5377877.539,-0.394323271,32.71848165
15-Oct-04,733238,1294260,2027653.45,0.900597396,32.49066265,1309156.921,1754531,5091341.371,-0.085049933,28.41086667,307158,5398499.371,0.382440891,32.99499839
16-Nov-04,705466,1303039,2008575,-2.79722418,28.57087875,1280365.362,1887954.5,5176894.862,0.941096688,28.65297496,292303,5469197.862,0.612382095,32.5752359
18-Dec-04,729579,1311818,2041472.45,1.637850217,20.40022187,1335858.731,2084041,5461372.181,5.495134183,25.82766037,337461,5798833.181,6.027123675,31.20030764
1-Jan-05,693913.3331,1306997.466,2001041.799,-1.980465157,18.90360212,1319894.972,1983449,5304385.771,-2.874486569,19.72037982,328358,5632743.771,-2.864186719,24.73195669
1-Feb-05,666498,1351932,2018483,0.871606008,21.05324709,1294311,1877510,5190304,-2.150706534,17.31316987,341017,5531321,-1.800592668,22.3544121
1-Mar-05,666224.6615,1295121.786,1961375.447,-2.829231301,15.70205476,1352894.488,1821850,5136119.935,-1.043947805,14.84734366,332423,5468542.935,-1.134956093,18.41889711
1-Apr-05,720155.3615,1364737.729,2084966.09,6.301223111,11.95891498,1311315.027,1778149,5174430.117,0.745897337,11.03879935,349556.7137,5523986.831,1.013869621,14.29464325
1-May-05,735587.3254,1382785.846,2118507.172,1.608711133,11.63822128,1362224.605,1887560,5368291.777,3.746531603,13.91853642,313676,5681967.777,2.859908084,15.23919085
1-Jun-05,812519.5097,1409920.121,2222567.63,4.911971031,11.24802877,1453816.538,1889168,5565552.168,3.674546752,10.37772393,307420,5872972.168,3.361588778,11.94252542
1-Jul-05,876029.47,1463864.901,2340190.371,5.292200732,11.718689,1514027.517,1881568,5735785.887,3.058703148,12.70590391,268558,6004343.887,2.236886462,12.11061406
1-Aug-05,844020.1667,1453461.342,2297595.508,-1.820145187,10.91399024,1542217.124,1726988,5566800.632,-2.946156959,8.667485884,326829,5893629.632,-1.843902634,9.156752389
1-Sep-05,838307.8308,1460579.011,2298971.842,0.059903209,14.40203636,1545529.806,1799518,5644019.648,1.387134565,10.76214363,394981.8042,6039001.452,2.466592388,12.29339843
1-Oct-05,804066.0118,1392742.367,2196895.379,-4.440091927,8.346689056,1487913.995,1873489,5558298.374,-1.518798295,9.171590912,376301.1197,5934599.493,-1.728795057,9.930539681
1-Nov-05,767010.0045,1452997.562,2220095.567,1.056044284,10.5308772,1486356.642,1604670,5311122.209,-4.446975469,2.592815773,326082,5637204.209,-5.011210702,3.071864482
1-Dec-05,823120,1456988,2280283,2.711028941,11.69795605,1579650,1667550,5527483,4.073730239,1.210516636,283197,5810680,3.077337365,0.204296596
1-Jan-06,739409,1649963.839,2389486.839,4.789047618,19.41214018,1602480,1578539,5570505.839,0.778344116,5.016981773,302143,5872648.839,1.066464488,4.259115576
1-Feb-06,731451,1617503.248,2349081.248,-1.69097358,16.37855001,1675317.948,1490450,5514849.195,-0.999130872,6.25291303,275709,5790558.195,-1.397846965,4.68671399
1-Mar-06,742700.24,1482501.388,2225483.628,-5.261530229,13.46545766,1726264.804,1510594.887,5462343.318,-0.952081835,6.35155305,316962,5779305.318,-0.19433148,5.682727302
1-Apr-06,758941,1491548.169,2250601.169,1.12863294,7.944257682,1777771.236,1350571.438,5378943.843,-1.526807633,3.952391302,282258.6283,5661202.471,-2.043547449,2.483996517
1-May-06,787574.1244,1528297.053,2315974.177,2.904690934,9.321044928,1816807.523,1560956,5693737.7,5.85233582,6.062373974,297419,5991156.7,5.828341781,5.441581784
1-Jun-06,864493.2404,1577641.803,2442344.043,5.456445393,9.888401595,1839092.952,1609745,5891181.995,3.467744834,5.850809003,368360,6259541.995,4.479690791,6.58218388
1-Jul-06,923143.1574,1687566.875,2610855.032,6.899559838,11.56592492,1886729.943,1750185,6247769.975,6.052910612,8.926136682,410926,6658695.975,6.376728209,10.8979782
1-Aug-06,970141.9619,1906169.301,2876412.263,10.17127447,25.19228266,1921355.133,1863123.5,6660890.896,6.612294021,19.65384313,441009,7101899.896,6.656016766,20.50129274
1-Sep-06,1075338.153,2047851.225,3123550.377,8.591887794,35.86727426,2008880.022,2222566,7354996.4,10.42061061,30.31486172,317034,7672030.4,8.027858912,27.04137365
1-Oct-06,1010646.267,1953356,2964595.267,-5.088924167,34.94476324,1884585.323,2115866,6965046.591,-5.301835484,25.30897268,200755,7165801.591,-6.598368132,20.74616996
1-Nov-06,1011826.426,2074928,3086852.426,4.123907226,39.04142111,2180091.731,2247264.5,7514208.657,7.884542609,41.48062051,232556,7746764.657,8.107440024,37.42210447
1-Dec-06,1071150.65,2392588.496,3464170.146,12.22338058,51.91843056,2299108.099,2453207,8216485.244,9.345981988,48.64786096,210387,8426872.244,8.779246792,45.02385684
1-Jan-07,1013003.152,2069552.719,3082757.871,-11.01020615,29.0133857,2213649.562,2274504,7570911.434,-7.85705556,35.91066328,353055.0669,7923966.501,-5.967881431,34.93002422
1-Feb-07,969942.675,2071462.611,3041533.286,-1.337263179,29.47756867,2095300.966,2282419.5,7419253.752,-2.003162804,34.53230522,392803.1877,7812056.94,-1.412292202,34.91025694
1-Mar-07,963221.9312,1998074.446,2961612.377,-2.627651929,33.0772485,2220563.908,2265018,7447194.286,0.376594932,36.33698675,304765.49,7751959.776,-0.769287328,34.13307222
1-Apr-07,1011359.768,2002785,3014359.768,1.781036261,33.93575945,2116794,2284013.5,7415167.268,-0.430054816,37.85545052,426393,7841560.268,1.155843101,38.51404022
1-May-07,1070259.104,2046024.561,3116647.665,3.393353973,34.57177958,2361326.318,2523120.5,8001094.483,7.901739685,40.52446572,345405,8346499.483,6.439269705,39.31365678
1-Jun-07,1168100.098,2014225.256,3182803.354,2.122655388,30.31756779,2330293.522,2586368.5,8099465.377,1.229467971,37.48455544,433354,8532819.377,2.232311814,36.31699225
1-Jul-07,1179181.46,2269410.141,3449104.601,8.366877159,32.10632375,2431778.68,2891736.5,8772619.781,8.311096765,40.41201606,331808,9104427.781,6.698939467,36.72989148
1-Aug-07,1286753.533,2254837.392,3542074.925,2.695491558,23.14211596,2410892.64,3033705,8986672.565,2.440009811,34.9169759,518475,9505147.565,4.401372529,33.83950357
1-Sep-07,1251497.351,2226198,3478506.351,-1.794670504,11.3638626,2504371.052,2989716,8972593.402,-0.156667136,21.99317192,546380,9518973.402,0.145456316,24.07371851
1-Oct-07,1218689.576,2317329.945,3536602.521,1.670147021,19.29461535,2564642.45,2773738,8874982.971,-1.087873113,27.42173158,518356.8,9393339.771,-1.319823324,31.0856804
1-Nov-07,1203625.893,2470496.66,3674809.552,3.907904007,19.04714076,2684385.949,2874908.5,9234104.002,4.046441913,22.88857581,542453.3338,9776557.336,4.079673192,26.20181158
1-Dec-07,1305005.185,2867535.546,4173143.73,13.56081643,20.46589961,2628579.799,3300851,10102574.53,9.40503299,22.95494033,564178.01,10666752.54,9.105405649,26.58020948
1-Jan-08,1189750.538,2672774.462,3863016.999,-7.431489332,25.31042528,2669818.929,3430661,9963496.928,-1.376655044,31.60234425,702341,10665837.93,-0.008574417,34.6022592
1-Feb-08,1168229.971,2496841.174,3665475.146,-5.113667716,20.51405662,2828816.402,3194371,9688662.548,-2.758412847,30.58810053,594257,10282919.55,-3.590138739,31.62883512
1-Mar-08,1177557.422,2607323.783,3785285.205,3.268609237,27.81163511,2867673.072,3196157,9849115.277,1.656087496,32.25269679,409585,10258700.28,-0.23552913,32.33686157
1-Apr-08,1216743.233,2612777.267,3829854.499,1.177435563,27.05366294,2900902.464,2965532,9696288.963,-1.55167556,30.76291623,502356,10198644.96,-0.585408609,30.05887367
1-May-08,1296988.786,3117694.384,4415129.171,15.28190357,41.66276222,2937783.188,2961503,10314415.36,6.374875978,28.91255542,471901,10786316.36,5.762249769,29.23161837
1-Jun-08,1359406.344,3037269.305,4397197.65,-0.406138078,38.15486413,2965225.358,3092040,10454463.01,1.357785628,29.07596393,355699,10810162.01,0.22107315,26.68921644
1-Jul-08,1498075.907,2957477.775,4455991.682,1.33707959,29.19270934,3205151.16,3157843,10818985.84,3.486767652,23.32673833,519228,11338213.84,4.884772624,24.53516151
1-Aug-08,1520131.288,2967845.513,4488579.801,0.731332577,26.72176328,3179102.369,3057335,10725017.17,-0.868553429,19.34358454,635458,11360475.17,0.196338927,19.51918781
1-Sep-08,1469773.704,3180632.024,4650900.728,3.61630926,33.70395966,3028723.705,2867121.241,10546745.67,-1.662202436,17.5440054,618477,11165222.67,-1.718700087,17.29439932
1-Oct-08,1623074.781,3379735.334,5003423.114,7.579658373,41.4754156,3426869.047,3674606.691,12104898.85,14.77378167,36.39348821,636700,12741598.85,14.11862733,35.64503321
1-Nov-08,1582962.681,3318668.16,4902089.841,-2.025278922,33.39711271,3571812.099,3483341.163,11957243.1,-1.219801597,29.49001983,802591,12759834.1,0.143115874,30.51459389
1-Dec-08,1617058.539,3484355.804,5101804.343,4.074068597,22.25326213,3570969.271,3541643.54,12214417.16,2.150780492,20.90400441,777707.8488,12992125,1.820485274,21.80019135
1-Jan-09,1484845.5,3159006.125,4644716.625,-8.959334533,20.23546948,3627918.85,3977643.968,12250279.44,0.293606217,22.95160557,778410.2229,13028689.67,0.281437118,22.15345624
1-Feb-09,1465678.433,3312232.015,4778359.448,2.877308426,30.36125625,3477298.66,4034843.924,12290502.03,0.328340178,26.85447523,906652.0222,13197154.05,1.293026336,28.3405359
1-Mar-09,1471391.296,3003153.487,4475073.783,-6.347066772,18.22289578,3476706.555,4023445,11975225.34,-2.565205986,21.58681263,1006782,12982007.34,-1.630250849,26.54631666
1-Apr-09,1532870.77,2877531.158,4410952.928,-1.432844644,15.17285915,3560960.941,3905826.572,11877740.44,-0.814054806,22.49779773,986793.5388,12864533.98,-0.904893639,26.1396394
1-May-09,1572080.008,3061424.68,4633976.687,5.056135554,4.956763627,3408095.868,3611931.711,11654004.27,-1.8836594,12.98754085,926466.271,12580470.54,-2.208112961,16.63361355
1-Jun-09,1586813.703,2989649.964,4577466.667,-1.219471401,4.099634166,3430827.361,4107327.17,12115621.2,3.961015642,15.88946452,925070.271,13040691.47,3.658217159,20.63363583
1-Jul-09,1752832.59,3182160.076,4935824.666,7.82874077,10.76826481,3595441.473,4059271.147,12590537.29,3.919865766,16.37446864,850260.2275,13440797.51,3.068135191,18.54422311
1-Aug-09,1712720.004,3309506.335,5023586.339,1.778054915,11.9192832,3792524.078,3842454.492,12658564.91,0.540307545,18.02838829,743581.7557,13402146.66,-0.287563657,17.97170862
1-Sep-09,1653047.279,3356634.148,5010380.427,-0.262878186,7.729249015,3817579.002,3988214,12816173.43,1.245074149,21.51780109,711675,13527848.43,0.937922608,21.16057892
1-Oct-09,1673168.883,3191088.575,4864925.459,-2.903072336,-2.76805804,3916764.163,4244026,13025715.62,1.634982499,7.60697615,720146,13745861.62,1.611588079,7.881764136
1-Nov-09,1568964.755,3358997.954,4929557.708,1.328535251,0.560329746,3997894.582,4067002.862,12994455.15,-0.239990418,8.674341065,855727.8607,13850183.01,0.758929445,8.545165248
1-Dec-09,1591995.517,3428070.346,5021564.863,1.866438337,-1.57276671,4009596.609,4144710.183,13175871.66,1.396107041,7.871472604,853981.8605,14029853.52,1.297242809,7.987365512
1-Jan-10,1508703.784,3494080.26,5003564.044,-0.358470317,7.725927059,4020010.152,3316364.065,12339938.26,-6.344425753,0.731892019,795825.8623,13135764.12,-6.372763562,0.821835961
1-Feb-10,1515946.379,3677002.097,5194019.476,3.80639542,8.698802023,4182473.719,3563697.424,12940190.62,4.864306008,5.286102917,771224.9526,13711415.57,4.382321752,3.896760731
1-Mar-10,1570955.328,3780944.177,5352831.505,3.057594013,19.61437429,4162146.444,3728779.372,13243757.32,2.345921408,10.59296962,740691.9526,13984449.27,1.991287483,7.721779142
1-Apr-10,1621411.671,3779182.554,5401064.225,0.901069278,22.44665298,4201540.398,4316251.709,13918856.33,5.097488537,17.18437864,766730.8572,14685587.19,5.013697016,14.15560962
1-May-10,1746244.527,4266424.25,6013434.777,11.33796094,29.76834332,4280890.709,4091875.488,14386200.97,3.357636797,23.44427413,594197.3493,14980398.32,2.007486185,19.07661385
1-Jun-10,1874539.091,5547847.571,7423069.662,23.44142636,62.16545532,4380871.017,3614869.862,15418810.54,7.177777993,27.26388758,647626.6616,16066437.2,7.249732994,23.20234123
1-Jul-10,1944084.182,4716949.821,6661750.003,-10.25612979,34.96731456,4470043.011,4686081.948,15817874.96,2.588166056,25.63304172,619137.6472,16437012.61,2.306518873,22.2919443
1-Aug-10,1946090.028,4816685.886,6763486.914,1.527179959,34.63463067,4583975.132,4738094.219,16085556.27,1.69227095,27.07251083,665749.0606,16751305.33,1.912103639,24.98971802
1-Sep-10,1900355.346,4576140.744,6477236.09,-4.232296564,29.2763331,4847319.599,5339772.733,16664328.42,3.598086051,30.02577184,682766.2615,17347094.68,3.556674215,28.23247373
1-Oct-10,2169055.988,4170033.722,6340008.711,-2.118610119,30.32077809,4831267.519,4833419.265,16004695.49,-3.958352896,22.8699901,894925.2519,16899620.75,-2.579532449,22.94333533
1-Nov-10,2102083.095,4744199.183,6847348.277,8.002190366,38.90390746,4602118.823,5083494.334,16532961.43,3.300693473,27.2308938,1066288.557,17599249.99,4.139910917,27.06871797
1-Dec-10,2229498.086,4853644.262,7084210.347,3.459179536,41.0757511,4686702.376,5173789.834,16944702.56,2.490425714,28.60403471,973834.6616,17918537.22,1.814209287,27.71720816
1-Jan-11,1968501.971,5641740.879,7611256.85,7.439735367,52.11670689,4675370.7,5616465.248,17903092.8,5.655987397,45.08251516,1056909.492,18960002.29,5.812221495,44.33878466
1-Feb-11,1912271.795,4622488.342,6535542.138,-14.13320735,25.82821777,5083989.715,5365699.522,16985231.37,-5.126831626,31.25951444,1054645.942,18039877.32,-4.852979231,31.56830688
1-Mar-11,1887127.958,4480176.558,6368269.516,-2.559429929,18.97010975,5170515.374,5140955.004,16679739.89,-1.798571201,25.94416743,708294.1715,17388034.07,-3.613346363,24.33835417
1-Apr-11,1964701.361,4519529.25,6485016.612,1.833262478,20.06923713,4980059.164,5522468.579,16987544.35,1.845379251,22.04698395,928660.7796,17916205.13,3.037554822,21.9985616
1-May-11,2092139.794,5013691.568,7106428.362,9.582269222,18.17586164,5180422.764,5771678.855,18058529.98,6.304534695,25.52674618,803845.3974,18862375.38,5.281086248,25.91371051
1-Jun-11,2397757.952,5155502.238,7553957.19,6.297521135,1.763253397,5141602.494,5985218.703,18680778.39,3.445731229,21.15576839,1660950.458,20341728.85,7.842880007,26.61007907
1-Jul-11,2461039.879,5090212.165,7551811.045,-0.02841088,13.36076918,5331398.213,6220695.604,19103904.86,2.265036628,20.77415523,1523109.994,20627014.86,1.402466875,25.4912638
1-Aug-11,2566211.363,5495585.533,8063075.895,6.770095911,19.21477779,5392639.426,6393706.154,19849421.48,3.902430525,23.39903668,1657689.061,21507110.54,4.266713764,28.39065445
1-Sep-11,2945855.744,5370838.167,8317512.91,3.155582537,28.41145196,5638831.018,5687372.169,19643716.1,-1.03632934,17.87883436,1555178.035,21198894.13,-1.43309072,22.20429138
1-Oct-11,2861785.299,5643006.286,8505488.585,2.259998598,34.15578706,5659065.928,5768014.975,19932569.49,1.470462058,24.54201016,1556649.118,21489218.61,1.36952651,27.15799324
1-Nov-11,2772036.593,5357742.917,8130761.51,-4.405708995,18.74321534,5741076.12,6083962.68,19955800.31,0.11654704,20.70312018,1548522.206,21504322.51,0.07028598,22.18885763
1-Dec-11,2790336.926,5554543.468,8345829.394,2.645113672,17.80888744,5998682.8,5972309.733,20316821.93,1.809106187,19.9007292,1488920.138,21805742.07,1.401669595,21.69376216
1-Jan-12,2414874.983,5690900.386,8106642.369,-2.865946732,6.508590222,5863817.465,5868875.438,19839335.27,-2.350203474,10.8151284,1548522.206,21387857.48,-1.916397001,12.80514185
1-Feb-12,2275531.484,5679386.975,7955802.458,-1.860695267,21.7313314,6049891.368,6137369.193,20143063.02,1.530937115,18.59163161,1664897.003,21807960.02,1.96421051,20.88751846
1-Mar-12,2323852.081,5705476.352,8030516.433,0.939112997,26.10201897,6305053.123,6437229.158,20772798.71,3.126315469,24.5391046,1488531.395,22261330.11,2.078920204,28.02672243
1-Apr-12,2330124.542,5095632.878,7426980.42,-7.51553176,14.52523355,6364171.645,7042974.962,20834127.03,0.295233747,22.64354749,1506907.112,22341034.14,0.358038038,24.69735624
1-May-12,2390910.417,5309934.406,7701971.823,3.702600344,8.380348469,6420074.171,6822999,20945044.99,0.53238596,15.98421918,1479695,22424739.99,0.374673143,18.88608695
1-Jun-12,2592528.342,6152377.148,8745745.49,13.55203175,15.77700627,6396073.724,6106576,21248395.21,1.448314963,13.74469935,1757012,23005407.21,2.589404474,13.09465084
1-Jul-12,2701330.585,6591315.555,9293438.14,6.262389529,23.06237649,6480696.343,5665215.028,21439349.51,0.898676322,12.22495959,1236903.993,22676253.5,-1.43076672,9.934732017
1-Aug-12,2794288.526,7638466.962,10433766.49,12.27025275,29.4018142,6817093.662,4724819.436,21975679.59,2.501615433,10.71193996,1207901.564,23183581.15,2.237263961,7.794959771
1-Sep-12,2775438.083,7389702.406,10166151.49,-2.564893509,22.22585764,6873167.026,4398387,21437705.52,-2.448042936,9.132637681,1289544,22727249.52,-1.968339718,7.209599586
1-Oct-12,2989145.364,7727203.077,10717152.44,5.419956137,26.00278436,7284030.4,4986431.778,22987614.62,7.229827383,15.32690069,1392340.975,24379955.59,7.271914174,13.45203397
1-Nov-12,3039716.317,7851355.406,10892070.72,1.632133934,33.96126192,8030903.165,4781343,23704316.89,3.117775724,18.78409545,1127053,24831369.89,1.851579635,15.47152843
1-Dec-12,3015345.271,8236879.461,11252720.73,3.311124382,34.83046682,10146633.96,5014508.804,26413863.5,11.43060407,30.00981941,1141295.06,27555158.56,10.9691438,26.36652527
1-Jan-13,2700470.348,8394268.601,11095394.95,-1.398113281,36.8679466,8293429.334,4661594.074,24050418.36,-8.947744962,21.22592832,1187425.574,25237843.93,-8.409730694,18.00080469
1-Feb-13,2581894.997,8723129.007,11305795,1.896282702,42.10753803,9020400.232,5938278.656,26264473.89,9.205891985,30.38967245,1301250.587,27565724.48,9.223769493,26.40212313
1-Mar-13,2783925.202,8278798.29,11063753.69,-2.140860613,37.77138474,8307931.27,5177356.566,24549041.53,-6.531379126,18.1787869,1261565.809,25810607.34,-6.367027085,15.94368894
1-Apr-13,2686196.3,8148060.447,10835625.92,-2.061938237,45.89544217,8634127.838,5735488.386,25205242.15,2.673019314,20.98055328,1303255.559,26508497.71,2.703889772,18.65385256
1-May-13,2786314.874,8223692.63,11011566.5,1.623723277,42.97074512,8826143.583,5602087.928,25439798.02,0.930583667,21.45974393,1221139.945,26660937.96,0.575061832,18.89073393
1-Jun-13,3086328.199,8442824.381,11530688.58,4.714334475,31.84340424,8937400.451,4792430,25260519.03,-0.70471858,18.88200863,2536762,27797281.03,4.262202152,20.82933709
1-Jul-13,3167301.439,8218929.665,11387610.1,-1.240849364,22.53387749,9367935.839,5487858,26243403.94,3.890992544,22.40765015,2420518,28663921.94,3.11771828,26.40501633
1-Aug-13,3306900.837,7876531.212,11185108.05,-1.778266502,7.201057841,9716898.39,5900792,26802798.44,2.131562263,21.96573186,2447254,29250052.44,2.044837047,26.16710183
1-Sep-13,3202876.281,8957571.217,12162517.41,8.738488374,19.63738124,9617980.833,5727234.993,27507733.24,2.630079108,28.31472669,1444960.97,28952694.21,-1.016607505,27.39198463
1-Oct-13,3354327.561,9144279.406,12500146.97,2.775984117,16.63683087,9872779.494,5647721,28020647.46,1.864618272,21.89454158,1557903,29578550.46,2.161651161,21.32323353
1-Nov-13,3425436.263,9149805.838,12576597.1,0.611593883,15.46562101,9978724.809,5416340.281,27971662.19,-0.174818483,18.0023973,1496629.286,29468291.48,-0.372766695,18.6736439
1-Dec-13,3443179.94,9636038.73,13080361.51,4.005570106,16.24176789,10369452.23,6090370.636,29540184.38,5.607540169,11.83590915,1503175.445,31043359.83,5.344959866,12.65897732
1-Jan-14,3159086.899,10102264.21,13261351.1,1.383674217,19.52121727,10417320.17,6468163.072,30146834.35,2.053643116,25.34848209,1494045.65,31640880,1.924792198,25.37077289
1-Feb-14,3130293.406,10412090.27,13542383.68,2.119185086,19.78267494,10668651.58,6563709.544,30774744.8,2.08284044,17.17251573,1584106.176,32358850.98,2.269124574,17.38799393
1-Mar-14,3236787.121,10509019.27,13745806.39,1.502118922,24.24179686,10781842.08,7325452.162,31853100.63,3.504028482,29.75292983,1577636.593,33430737.22,3.312497842,29.52324905
1-Apr-14,3376593.959,10277291.29,13653885.25,-0.668721291,26.00919733,10784962.95,8152042.126,32590890.33,2.316225704,29.30203225,1793797.282,34384687.61,2.853512881,29.71194367
1-May-14,3515408.743,9111427.662,12626836.4,-7.522026365,14.66884752,10576128.17,9783625.298,32986589.87,1.214141538,29.66529785,1971641.11,34958230.98,1.668019706,31.12153455
1-Jun-14,3675782.195,8586367.269,12262149.46,-2.88818932,6.343601065,10436571.34,7598314.885,30297035.69,-8.153477492,19.93829442,2388693.518,32685729.21,-6.50062005,17.58606595
1-Jul-14,3782289.038,8215454.738,11997743.78,-2.156275198,5.357872866,10834319.2,7357763.725,30189826.71,-0.353859642,15.03777014,2314641.617,32504468.32,-0.554556645,13.39853767
1-Aug-14,3914766.17,8768516.327,12683282.5,5.713896989,13.39436724,10957479.64,7595944.251,31236706.39,3.467657156,16.54270528,2048089.529,33284795.92,2.400677933,13.79397008
1-Sep-14,3793344.081,9164850.544,12958194.62,2.167515609,6.542043743,10875760.5,7500222.273,31334177.4,0.312039956,13.91043065,2286354.56,33620531.96,1.008676864,16.12229146
1-Oct-14,3815045,9027186.767,12842231.77,-0.894899794,2.736646232,11013348.78,7802437.056,31658017.6,1.033504733,12.98103532,2175665.654,33833683.26,0.633991456,14.38587331
1-Nov-14,3722479.171,9086678.994,12809158.16,-0.257537813,1.849157304,10776816.86,8232401.724,31818376.75,0.506535639,13.75218437,1978423.511,33796800.26,-0.109012669,14.68869949
1-Dec-14,4188276.977,9348778.213,13537055.19,5.682629693,3.491445362,11483300.03,7859736.923,32880092.14,3.336799374,11.30631994,2079054.779,34959146.92,3.439221039,12.61392811
1-Jan-15,4072057.499,9491882.776,13563940.27,0.198603641,2.281737116,12040165.21,8171417,33775522.48,2.723320652,12.03671368,2065002,35840524.48,2.521164382,13.2728435
1-Feb-15,3820046.421,9411405.726,13231452.15,-2.451265052,-2.295988208,11670491,8949636.746,33851579.89,0.225185006,9.997922354,1949006.35,35800586.24,-0.111433185,10.63614794
1-Mar-15,3800014.5,8697211.69,12497226.19,-5.549095811,-9.083353582,12202027.58,10380351.5,35079605.27,3.62767522,10.12932675,2396032.418,37475637.69,4.678838028,12.0993457
1-Apr-15,3908020.878,8708692.549,12616713.43,0.956110064,-7.596166266,11716484.57,9638092.118,33971290.11,-3.15942881,4.235538731,2564850.792,36536140.91,-2.506953422,6.257009855
1-May-15,3961112.546,9570232.194,13531344.74,7.249362662,7.16338049,11331476.81,10134560.51,34997382.06,3.020467994,6.095786799,2503186.083,37500568.14,2.639652717,7.272499472
1-Jun-15,4091119.472,8739951.151,12831070.62,-5.17519973,4.639652789,11875758.91,9607895.166,34314724.7,-1.950595489,13.26099707,2548219.643,36862944.35,-1.700304361,12.77993559
1-Jul-15,4336970.227,9095976.002,13432946.23,4.690766835,11.96226957,11705398.94,9685113.663,34823458.83,1.482553422,15.34832302,2626823.851,37450282.68,1.593302826,15.21579836
1-Aug-15,4539705.189,9763437.461,14303142.65,6.478075671,12.77161613,11636603.87,13281427.43,39221173.94,12.6285994,25.56116976,3178637.906,42399811.85,13.21626651,27.38492358
1-Sep-15,4565292.333,9290549.306,13855841.64,-3.127291827,6.927253685,11470329.51,17153443.7,42479614.85,8.307861755,35.56958689,4085813.192,46565428.04,9.824610097,38.50294845
1-Oct-15,5161021,9799877.099,14960898.1,7.97538315,16.49764908,11665554.32,18966803.78,45593256.2,7.329730644,44.01803919,4577115.455,50170371.65,7.741673945,48.28527912
1-Nov-15,4819138.014,9460451.383,14279589.4,-4.553929168,11.4795306,11965859.97,16326901.55,42572350.92,-6.625772175,33.79799748,3743851.113,46316202.03,-7.682162794,37.04315698
1-Dec-15,4712707.997,9434380.051,14147088.05,-0.927907268,4.506392638,12352848.38,14561363.03,41061299.46,-3.54937283,24.88194766,6200835.274,47262134.73,2.04233651,35.19247149
1-Jan-16,4210601.104,8665767.33,12876368.43,-8.982199092,-5.069115806,11827375.62,15043680.71,39747424.76,-3.199788405,17.6811544,5778760.18,45526184.94,-3.67302451,27.02432679
1-Feb-16,4012589.998,8915150.454,12927740.45,0.398963556,-2.295376894,11804374.27,15423732.1,40155846.81,1.027543434,18.62325759,5615471.659,45771318.47,0.538445145,27.85075128
1-Mar-16,4075426.601,8674865.47,12750292.07,-1.372617137,2.024976397,12097361.41,15438653.5,40286306.99,0.324884621,14.84253222,4654795.675,44941102.66,-1.813834167,19.92084841
1-Apr-16,4225706.607,9043931.097,13269637.7,4.073205777,5.175074161,11705075.07,13765065.3,38739778.08,-3.838845065,14.03681741,5104340.016,43844118.09,-2.440938255,20.00205004
1-May-16,4336031.907,8964551.647,13300583.55,0.233207946,-1.705382508,11942051.46,15900662.48,41143297.5,6.204267397,17.56107194,4586059.928,45729357.43,4.299868295,21.94310564
1-Jun-16,4836554.166,8584728.843,13421283.01,0.907474885,4.599868575,12331416.03,14870839.51,40623538.55,-1.263289468,18.38515071,3506297.48,44129836.03,-3.497799843,19.71326983
1-Jul-16,5156594.086,9629336.449,14785930.53,10.16778742,10.07213371,11982417.52,15584860.13,42353208.19,4.257801501,21.62263489,4025174.879,46378383.07,5.095298864,23.83987449
1-Aug-16,4959748.157,9814875.542,14774623.7,-0.07647023,3.296345851,12204951.07,12843127.48,39822702.25,-5.974768015,1.533682575,3930545.649,43753247.9,-5.660255907,3.192080327
1-Sep-16,4577069.602,9617281.325,14194350.93,-3.927496119,2.443079943,12328283.84,13932237.5,40454872.27,1.587461371,-4.766386398,3763146.656,44218018.92,1.062254906,-5.041098556
1-Oct-16,4576821.538,9976356.071,14553177.61,2.527954138,-2.725240738,12683288.94,13327361.11,40563827.66,0.269325767,-11.03107993,3675867.721,44239695.38,0.049021781,-11.82107303
1-Nov-16,4621984.928,10938126.64,15560111.56,6.918997226,8.967499919,12478707.37,14752468.72,42791287.65,5.491247052,0.514269785,3834146.039,46625433.69,5.392754827,0.667653325
1-Dec-16,4781558.844,10908853.09,15690411.94,0.837399986,10.9091276,11826111.52,13601547.8,41118071.25,-3.910180073,0.138261068,3449047.774,44567119.02,-4.414574846,-5.702272494
1-Jan-17,4450022.52,9927426.922,14377449.44,-8.36792877,11.65764256,11715171.14,13735798.89,39828419.48,-3.136459799,0.203773492,4574007.668,44402427.14,-0.369536745,-2.468376822
1-Feb-17,4290306.554,11009548.13,15299854.68,6.415638915,18.34902425,13301223.57,13005738.85,41606817.1,4.465147372,3.613347501,3908589.104,45515406.21,2.506572575,-0.559110546
1-Mar-17,4355692.002,10660520.59,15016212.59,-1.853887494,17.77151854,14746620.74,13362923.67,43125757,3.650699574,7.048176474,3721018.56,46846775.56,2.925096055,4.240378591
1-Apr-17,4454463.711,10578387.03,15032850.74,0.110801251,13.28757482,14607391.88,12788791.51,42429034.14,-1.615560884,9.523172927,4149885.562,46578919.7,-0.571770108,6.237556423
1-May-17,4551282.716,10903392.39,15454675.1,2.806017086,16.19546646,15368487.93,12430734.88,43253897.91,1.944102171,5.129876648,4001748.598,47255646.51,1.452860681,3.337656961
1-Jun-17,4963562.44,10727466.95,15691029.39,1.529338474,23.06407812,15363141.93,13117030.56,44171201.88,2.120742911,9.643214254,3617097.51,47788299.39,1.127172994,6.335395804
1-Jul-17,4938121.633,11356242.4,16294364.03,3.845092793,22.79433997,15099755.06,11876652.37,43270771.46,-2.038501074,11.69597144,3621576.918,46892348.38,-1.87483344,6.95242695
1-Aug-17,4987690.634,11606198.49,16593889.13,1.838212834,24.76060963,15765268.14,13206336.75,45565494.02,5.303169985,10.74827929,3828201.446,49393695.47,5.334232938,8.013097599
1-Sep-17,5242193.097,11579522.09,16821715.18,1.372951544,25.33611855,16094096.65,13119033.73,46034845.56,1.030059134,13.32061951,4048870.763,50083716.32,1.396981627,13.49173444
1-Oct-17,5243269.387,12343031.89,17586301.28,4.545232702,20.84165915,15475901.77,13450986.93,46513189.99,1.039092075,14.66666897,4241598.325,50754788.31,1.339900555,14.72680332
1-Nov-17,5159935.721,13097943.16,18257878.88,3.818754092,17.33771192,14967862.46,13818533.59,47044274.93,1.141794282,9.93890932,4858808.368,51903083.3,2.262436757,11.31925043
1-Dec-17,5669383.366,13412827.79,19082211.15,4.514939979,21.6170183,15555359.18,14980624.05,49618194.39,5.471270335,20.67247534,4466743.494,54084937.88,4.203709001,21.35614567
1-Jan-18,5179436.38,13448180.91,18627616.88,10.73553843,29.56134787,15590614.66,14499027.14,48717258.68,-1.815735773,22.31783165,4415795.954,53133054.63,-1.759977699,19.66250148
1-Feb-18,4947604.353,12040826.84,16988431.19,-8.799760604,11.03655257,16040974.65,15536552.69,48565958.53,-0.310568697,16.72596442,4825468.853,53391427.38,0.486274207,17.30407752
1-Mar-18,5241642.549,11505738.75,16747381.3,-1.418906125,11.52866408,16170344.75,14540748.66,47458474.71,-2.280370553,10.0467053,4012439,51470913.71,-3.597045002,9.870771463
1-Apr-18,5394439.14,11741207.16,17135646.3,2.318362478,13.98800265,16339524.15,15260580.6,48735751.06,2.691355661,14.86415387,4059140.545,52794891.6,2.572283638,13.34503235
1-May-18,5811368.207,12647702.47,18459070.67,7.723224132,19.28431721,16405658.1,16101875.06,50966603.83,5.55279793,18.93020356,4393151.088,55359754.92,5.758527438,18.15540374
1-Jun-18,6168722.099,12642557.95,18811280.05,2.041097363,19.88557011,15014791.3,15800552.84,49626624.19,-3.528879996,12.35063135,5625823.596,55252447.79,-1.043523043,15.61919651
1-Jul-18,5812715.932,14209688.19,20022404.12,6.438286326,22.87932241,15468610.41,15320556.15,50811570.68,2.387723341,17.42700434,4281822.141,55093392.82,-0.287869538,17.48908879
1-Aug-18,6096691.06,14534248.46,20630939.52,3.039272397,24.32853662,15189524.99,15598680.37,51419144.88,1.195739854,12.84667484,4234558.402,55653703.28,1.017019343,12.67369804
1-Sep-18,6207997.673,15128080.82,21336078.49,3.417871374,26.8365221,16165722.54,19372140.76,56873941.8,10.60849404,23.54541677,5559401.246,62433343.05,12.18183044,24.65796797
1-Oct-18,6362219,13842267.99,20204486.99,-5.303652708,14.88764275,14911460.09,17751445.68,52867392.76,-7.044612897,13.66107716,5176199.352,58043592.11,-7.031100241,14.36082002
1-Nov-18,6176661.224,14573827.76,20750488.99,2.702379913,13.65224363,15848645.82,18730038.46,55329173.27,4.65651961,17.61085351,5498586.774,60827760.05,4.796684409,17.19488744
1-Dec-18,6500341.707,15248689.03,21749030.74,4.812136007,13.97542226,15889152.79,19637485.92,57275669.45,3.518028659,15.43279668,5721395.677,62997065.12,3.566307676,16.47802066
1-Jan-19,5789908.928,14314391,20104299.93,-7.562317762,7.927383392,16122795.87,20494815.17,56721910.97,-0.966830219,16.43083382,7153235.796,63875146.76,1.393845312,20.21734251
2-Feb-19,5428353.424,14321309.73,19749663.15,-1.763984689,16.25360184,16494736.52,19597113.12,55841512.78,-1.552130678,14.98076941,5951612.504,61793125.29,-3.259517322,15.73604288
6-Mar-19,5649101.99,14177121.28,19826223.27,0.387652764,18.38402026,16056529.54,18969404.01,54852156.82,-1.77172128,15.5792662,5658963.147,60511119.97,-2.074673057,17.56371823
7-Apr-19,5869264.201,14335553.26,20204817.46,1.909562822,17.91103236,16610273.14,19835488.65,56650579.24,3.278672213,16.24029181,5816059.604,62466638.85,3.23166863,18.31947553
9-May-19,6371039.234,14956062.58,21327101.82,5.554538493,15.68808013,16816376.15,20969510.23,59112988.2,4.346661572,14.91203102,5688126.753,64801114.95,3.737156584,16.05802631
10-Jun-19,6775641.597,14307051.67,21082693.27,-1.145999816,12.07474037,16715227.04,20326220.65,58124140.97,-1.672808745,17.12289908,5612034.035,63736175,-1.643397579,15.35448212
11-Jul-19,6964682.581,14705896.31,21670578.89,2.788474935,8.231652716,17038122.15,18981889.56,57690590.61,-0.745904115,13.5382942,5977970.585,63668561.19,-0.106083882,15.56478542
12-Aug-19,7205272.189,14333450.55,21538722.74,-0.608456994,4.40010605,17527717.68,20772416.5,59838856.92,3.723772432,16.37466367,5634141.137,65472998.05,2.834109688,17.64356043
13-Sep-19,6816054.015,14081178.7,20897232.72,-2.97831039,-2.056824901,18309949.01,20919328.24,60126509.98,0.480712831,5.718907595,6033444.333,66159954.31,1.049220717,5.96894397
15-Oct-19,6613706.179,14973386.95,21587093.13,3.301204595,6.843064795,17908155.19,19335439.93,58830688.25,-2.155158735,11.27972305,6601128.308,65431816.55,-1.100571736,12.72875122
16-Nov-19,6829668.054,14441983.71,21271651.76,-1.461249827,2.511568656,18450475.61,21551442.94,61273570.31,4.152394157,10.74369394,6727247.811,68000818.12,3.926226872,11.79240871
18-Dec-19,6791140.334,15997283.23,22788423.57,7.130484366,4.779030575,19201251.84,22264234.67,64253910.08,4.863989088,12.18360379,6646270.581,70900180.66,4.26371715,12.54521226
19-Jan-20,6441613.209,15313745.16,21755358.37,-4.533289431,8.212464262,19331213.89,23100549.77,64187122.03,-0.103943956,13.16107115,6649187.421,70836309.45,-0.090086112,10.89807701
20-Feb-20,6167910.667,15305359.14,21473269.81,-1.296639458,8.727271167,19635381.75,24443014.77,65551666.33,2.125884857,17.38877237,7069919.694,72621586.03,2.520284575,17.52373049
23-Mar-20,6707073.017,15246800.31,21953873.32,2.238147792,10.73149449,19809460.17,29673557.22,71436890.71,8.977993553,30.23533595,8212005.11,79648895.82,9.676612942,31.62687431
24-Apr-20,7009466.851,16167733.79,23177200.65,5.57226191,14.71125981,20792222.99,28702862.37,72672286.01,1.729351997,28.2816292,8635878.825,81308164.83,2.083229146,30.16254169
26-May-20,7966153.147,16306361.73,24272514.87,4.725826236,13.81065782,20725525.84,30639589.83,75637630.54,4.080433823,27.95433431,7936719.797,83574350.34,2.787156141,28.97054379
27-Jun-20,8799636.159,17273880.79,26073516.95,7.419923647,23.67260961,21332516.09,27558020.79,74964053.83,-0.890531226,28.97232128,7537657.389,82501711.21,-1.283454938,29.44252022
29-Jul-20,9198599.619,18680144.84,27878744.46,6.923605739,28.64789909,22099705.71,30099068.32,80077518.5,6.821222189,38.8051633,7738928.329,87816446.83,8.347187522,37.92748758
30-Aug-20,9557218.057,20218167.06,29775385.11,6.803178156,38.241183,21641886.07,33228756.26,84646027.44,5.705108038,41.45662502,8721252.731,93367280.17,6.320949602,42.60425359
1-Sep-20,9511722.237,20520511.3,30032233.53,0.862619978,43.71392585,22427084.68,34709764.23,87169082.45,2.980712832,44.97612197,9727050.648,96896133.09,3.779539163,46.45737607
3-Oct-20,9750525.249,22667330.43,32417855.68,7.943538861,50.17239925,21752971.56,35821051.87,89991879.11,3.23830031,52.96757831,8834324.721,98826203.83,1.991896559,51.03692521
4-Nov-20,8967636.976,23663870.88,32631507.85,0.659057092,53.40373288,21337009.88,37616130.95,91584648.67,1.769903659,49.46843837,8600300.692,100184949.4,1.374883866,47.32903535
6-Dec-20,9838191.145,23557279.84,33395470.99,2.34118245,46.54577087,23107910.98,38105778.02,94609159.99,3.302421702,47.24265009,9219581.063,103828741.1,3.637064957,46.44354934
7-Jan-21,9565686.897,23054920.71,32620607.61,-2.320264858,49.9428649,21248769.93,41678982.84,95548360.38,0.992716135,48.85908165,9673381.48,105221741.9,1.341633154,48.54210035
8-Feb-21,9492528.365,23860611.68,33353140.04,2.245612475,55.32399276,20778421.47,41133887,95265448.51,-0.296092865,45.32879763,10148515.43,105413963.9,0.182682847,45.15513872
12-Mar-21,9934203.435,24840783.47,34774986.9,4.263007492,58.40023484,23433537.87,41185047.1,99393571.88,4.333284978,39.13479561,11782214.26,111175786.1,5.465900328,39.58233193
13-Apr-21,10049221.05,26599202.75,36648423.8,5.387311576,58.12273604,23025674.53,45835410.88,105509509.2,6.153252387,45.18534507,11065019.8,116574529,4.856042001,43.37370577
15-May-21,12320449.09,24433131.09,36753580.18,0.286932904,51.42056921,24294671.17,47207240.4,108255491.8,2.602592479,43.12385381,10586091.04,118841582.8,1.944724816,42.1986319
15-Jun-21,12714705.61,25085193.94,37799899.56,2.846850198,44.97430337,24315052.45,50360985.24,112475937.2,3.898597123,50.03982777,9856659.779,122332597,2.937535955,48.27886019
15-Jul-21,13387339.67,28119504.45,41506844.12,9.806757724,48.8834771,24411170.26,38737093.92,104655108.3,-6.953335207,30.69224705,9262690.014,113917798.3,-6.878623452,29.72262308
16-Aug-21,14223591.33,30399492.18,44623083.51,7.507772386,49.86568044,26410615.36,30924818.66,101958517.5,-2.576645162,20.45280871,6141762.444,108100280,-5.1067686,15.77961762
17-Sep-21,12679091.39,28145185.71,40824277.1,-8.513097054,35.93486829,25429571.28,33022654.58,99276502.97,-2.630495832,13.88958124,6165251.319,105441754.3,-2.459314333,8.819362464
19-Oct-21,12212628.56,27348298.02,39560926.59,-3.09460596,22.03437199,25494517.24,36112289.47,101167733.3,1.90501304,12.41873632,6493527.689,107661261,2.104959949,8.93999446
20-Nov-21,11517391.46,28278717.47,39796108.93,0.594481374,21.95608338,24577725.23,38545074.89,102918909,1.730962724,12.37572075,6668755.923,109587665,1.789319546,9.385357443
22-Dec-21,9230960.395,30599561.98,39830522.38,0.086474412,19.26923382,27595692.62,33550908.5,100977123.5,-1.886714076,6.730810752,6648660.653,107625784.2,-1.790238723,3.657025083
23-Jan-22,11933706.44,29518527.28,41452233.72,4.071529172,27.07376334,26206453.89,36162037.99,103820725.6,2.816085462,8.6577783,6693803.708,110514529.3,2.684064206,5.030127183
24-Feb-22,10460565.98,29827237.32,40287803.31,-2.809089658,20.79163537,26403156.47,34880249.01,101571208.8,-2.166731929,6.619147212,6742721.704,108313930.5,-1.991230319,2.751026945
28-Mar-22,10431271.25,29362505.51,39793776.76,-1.226243437,14.43218332,27292143.94,36892910.73,103978831.4,2.37037904,4.613235511,6929131.76,110907963.2,2.394920661,-0.240900432
29-Apr-22,10773245.51,31242697.88,42015943.39,5.584206404,14.64597665,27436575.06,37055913.02,106508431.5,2.432802918,0.946760412,6676931.772,113185363.2,2.053414373,-2.907295266
31-May-22,11496605.11,31739300.05,43235905.16,2.903568664,17.6372613,29841736.76,35307426.49,108385068.4,1.761960914,0.119695217,7525433.284,115910501.7,2.407677431,-2.466376703
1-Jun-22,12399119.43,31588208.02,43987327.45,1.73795897,16.36890036,29080678.95,35164041.42,108232047.8,-0.141182343,-3.773153196,7683123.342,115915171.2,0.00402852,-5.245883774
29-Jul-22,12393742.33,31986585.53,44380327.87,0.893440087,6.922915492,31620450.37,36029803.03,112030581.3,3.509619849,7.04740846,7394654.766,119425236,3.028132403,4.834571761
29-Aug-22,12489851.41,33412740.52,45902591.93,3.430042408,2.867368919,33469587.15,33794041.17,113166220.3,1.013686609,10.99241438,7339848.013,120506068.3,0.905028354,11.47618518
29-Sep-22,12479115.59,35000735.22,47479850.81,3.43609981,16.30297995,32934598.12,34794303.28,115208752.2,1.804895443,16.04835865,6893671.99,122102424.2,1.324709994,15.8008277
29-Oct-22,12330122.25,33925144.86,46255267.1,-2.579165019,16.92159688,32748678.03,35213828.46,114217773.6,-0.860159149,12.8994096,6965980.475,121183754.1,-0.752376657,12.56022172
29-Nov-22,11837581.53,35794226.56,47631808.09,2.975965911,19.6896113,31402045.18,37676317.43,116710170.7,2.182144709,13.40012421,7871009.007,124581179.7,2.803532257,13.681754
29-Dec-22,12265525.92,38703033.42,50968559.35,7.005300438,27.96357241,31365457.84,39812659.99,122146677.2,4.658125724,20.96470264,11851614.8,133998292,7.559016779,24.50389378
29-Jan-23,11180546.45,35822638.19,47003184.64,-7.780040791,13.39119856,31019643.68,43180352.99,121203181.3,-0.7724286,16.74276077,12214397.77,133417579.1,-0.433373358,20.72401694
28-Feb-23,11264768.93,36151517.7,47416286.63,0.878880846,17.69389923,34386042.13,45674511.72,127476840.5,5.176150568,25.50489651,13046348.7,140523189.2,5.325842466,29.73694938
31-Mar-23,10846617.77,35275463.49,46122081.26,-2.729453227,15.90274916,36217912.98,48260675.33,130600669.6,2.450507159,25.60313265,13561388.53,144162058.1,2.589514908,29.9835052
30-Apr-23,11796591.54,36560383.38,48356974.92,4.845604531,15.09196513,34861495.58,40833716.23,124052186.7,-5.014126542,16.47170559,11305862.74,135358049.5,-6.107022014,19.5897116
31-May-23,12757817.03,43642155.72,56399972.74,16.63254957,30.44707295,35952504.68,43864384.3,136216861.7,9.806094767,25.6786232,12557419.03,148774280.8,9.911661204,28.35271919
30-Jun-23,14087928.41,39038056.59,53125985,-5.80494561,20.7756599,34410769.97,37384017.43,124920772.4,-8.292724685,15.41939279,12557419.03,137478191.4,-7.592770243,18.6024142
31-Jul-23,14378549.36,38818481.25,53197030.61,0.133730429,19.86624067,34859351.4,40123755.29,128180137.3,2.609145643,14.4153104,13078159.98,141258297.3,3.686395766,18.28178196
31-Aug-23,15128411.06,42433555.38,57561966.44,8.205224585,25.40025306,36292407.73,43285685.72,137140059.9,6.990102198,21.18462521,12699794.04,149839853.9,6.075081474,24.34216474
30-Sep-23,15423145.09,42258714.48,57681859.56,0.208285306,21.48702782,35751683.33,46698122.74,140131665.6,2.181423677,21.63282992,13564541.37,153696207,2.573649782,25.87482026
31-Oct-23,14610688.23,42009326.12,56620014.36,-1.840865073,22.40771246,35454061.19,46707714.15,138781789.7,-0.96329115,21.50629918,15177057.48,153958847.2,0.170882662,27.04578131
30-Nov-23,13640228.81,42503008.3,56143237.11,-0.842064868,17.86921253,36138421.95,47835752.03,140117411.1,0.962389512,20.05587024,16177691.69,156295102.8,1.517454598,25.45643182
31-Dec-23,14668836.31,45403601.21,60072437.52,6.998528436,17.86175299,36737938.82,52888734.4,149699110.7,6.838336209,22.55684248,17235909.57,166935020.3,6.807582161,24.57996132
31-Jan-24,13417510.85,41974471.42,55391982.27,-7.791352316,17.84729629,35981057.25,58521920.38,149894959.9,0.130828535,23.67246328,20112213.38,170007173.3,1.840328622,27.42486743
29-Feb-24,13133771,42679588.26,55813359.25,0.760718367,17.7092582,39270427.93,49378266.39,144462053.6,-3.624475653,13.32415601,18052769.77,162514823.3,-4.407078709,15.6498257
31-Mar-24,14077488.87,40778749.55,54856238.42,-1.714859751,18.93704039,41271642.04,52186612.9,148314493.4,2.666748594,13.56334837,18682987.21,166997480.6,2.758306679,15.84010576
30-Apr-24,13862296.82,41583729.38,55446026.2,1.075151703,14.65983199,41197818.84,56562273.24,153206118.3,3.298143568,23.50134432,21285277.86,174491396.1,4.487442295,28.91098595
31-May-24,15774872.71,41891878.66,57666751.37,4.005201672,2.246062475,42706191.27,55457552.12,155830494.8,1.71297107,14.39882903,22611412.88,178441907.6,2.264015068,19.94136805
30-Jun-24,16406252.38,39585946.39,55992198.77,-2.903844165,5.395125889,43576670.11,55365828.24,154934697.1,-0.574853877,24.02636818,21423286.07,176357983.2,-1.167844751,29.45026234
31-Jul-24,16256907.04,43117612.89,59374519.93,6.04070072,11.61247018,43909177.08,67270273.04,170553970,10.08119758,33.05803352,23521459.9,194075430,10.046297,37.39046391
31-Aug-24,16828613.27,44802712.55,61631325.83,3.800966986,7.069528086,41200664.03,60289161.31,163121151.2,-4.358045067,18.94493214,23989478.4,187110629.6,-3.58870795,24.87373997
30-Sep-24,16803601.54,46747329.47,63550931,3.114658254,10.17489985,41589572.69,64719072.43,169859576.1,4.130932684,21.21427042,24105741.6,193965317.7,3.66344134,26.20045836
31-Oct-24,16923645.24,47530309.13,64453954.37,1.420944353,13.83599087,43023492.63,63985187.27,171462634.3,0.943754945,23.54836657,25355238.31,196817872.6,1.470652016,27.83797501
30-Nov-24,17487242.31,48394569.07,65881811.39,2.215313288,17.34594366,46479669.31,61828692.04,174190172.7,1.590748026,24.31729318,25085574.91,199275747.7,1.24880685,27.49967472
31-Dec-24,17407503.42,50805473.96,68212977.38,3.538406042,13.55120617,46096075.46,64486819.67,178795872.5,2.644064074,19.43683007,26469808.85,205265681.4,3.00585183,22.96142593
31-Jan-25,16493676.32,50345040.69,66838717,-2.014661185,20.66496678,46031514.48,62769575.75,175639807.2,-1.765177931,17.17525883,25687683.06,201327490.3,-1.918582318,18.42293853
28-Feb-25,14888268.27,50834360.59,65722628.86,-1.669822811,17.75429708,45244370.67,68956188.8,179923188.3,2.438730243,24.54702386,23414058.69,203337247,0.998252514,25.11920011
31-Mar-25,14705078.39,50818441.87,65523520.25,-0.302952896,19.44588645,46225162.26,68164164.24,179912846.8,-0.005747771,21.30496669,24630154.77,204543001.5,0.592982604,22.48268707
30-Apr-25,15489541.06,51348277.65,66837818.71,2.005842256,20.54573301,48388403.3,69556067.57,184782289.6,2.706556485,20.61025477,24648371.89,209430661.5,2.389551292,20.02348889
31-May-25,18007299.33,49544274.28,67551573.61,1.067890774,17.14128507,47766920.9,74216161.83,189534656.3,2.571873515,21.62873296,25377672.5,214912328.8,2.617413964,20.4382601
30-Jun-25,18366722.23,51423426.91,69790149.15,3.313876225,24.64263,48256752.46,63695750.04,181742651.6,-4.111123975,17.30274433,21992879.27,203735530.9,-5.200631339,15.52384941
31-Jul-25,18815115.8,51433221.46,70248337.26,0.656522616,18.31394569,48670920.8,66099327.79,185018585.8,1.802512604,8.480961068,20927461.7,205946047.6,1.08499319,6.116496871
31-Aug-25,19164810.84,52530557.02,71695367.86,2.059878793,16.32942647,49237574.8,74405282.21,195338224.9,5.577622904,19.75039624,21640618.69,216978843.6,5.357129276,15.96286329
30-Sep-25,19083210.41,53154578.93,72237789.33,0.756564182,13.66912835,48859108.36,74265632.5,195362530.2,0.012442683,15.01413971,21652714.9,217015245.1,0.016776531,11.88353033
31-Oct-25,18739356.62,54350358.58,73089715.2,1.17933546,13.39834136,48904453.79,65714801.91,187708970.9,-3.91761884,9.475146989,19525005.97,207233976.9,-4.507180225,5.292255299
30-Nov-25,20445702.46,53934833.38,74380535.84,1.766076986,12.89995565,51403195.56,68257804.46,194041535.9,3.373608056,11.39637375,22755406.11,216796942,4.614573943,8.792436872
